filename,width,height,class,xmin,ymin,xmax,ymax
00000664_jpg.rf.0412add3b5bbfa52d25a4dcd16782e47.jpg,416,416,car,48,94,341,337
00012608_jpg.rf.02c5d7ef8a2767accdc9735f687ef96c.jpg,416,416,truck,7,10,370,355
00022786_jpg.rf.020f768be69e825ed0922d0f0d70bf9e.jpg,416,416,truck,20,53,391,362
00000441_jpg.rf.078a9f89adc6d40be1f8a76e44267daf.jpg,416,416,car,48,79,358,380
00000673_jpg.rf.065db2b1d3387366779f34c199df6254.jpg,416,416,car,48,63,390,363
1122_jpg.rf.0472cbd77d66c97fbdeb5c017896a6fc.jpg,416,416,container,228,252,317,416
1122_jpg.rf.0472cbd77d66c97fbdeb5c017896a6fc.jpg,416,416,truck,298,269,389,371
1122_jpg.rf.0472cbd77d66c97fbdeb5c017896a6fc.jpg,416,416,container,91,226,180,373
1122_jpg.rf.0472cbd77d66c97fbdeb5c017896a6fc.jpg,416,416,container,254,209,301,265
1122_jpg.rf.0472cbd77d66c97fbdeb5c017896a6fc.jpg,416,416,truck,196,206,208,233
1122_jpg.rf.0472cbd77d66c97fbdeb5c017896a6fc.jpg,416,416,truck,314,224,347,251
1122_jpg.rf.0472cbd77d66c97fbdeb5c017896a6fc.jpg,416,416,truck,232,194,248,219
1122_jpg.rf.0472cbd77d66c97fbdeb5c017896a6fc.jpg,416,416,truck,209,205,217,219
1122_jpg.rf.0472cbd77d66c97fbdeb5c017896a6fc.jpg,416,416,car,194,203,198,208
1122_jpg.rf.0472cbd77d66c97fbdeb5c017896a6fc.jpg,416,416,truck,242,188,257,204
1122_jpg.rf.0472cbd77d66c97fbdeb5c017896a6fc.jpg,416,416,container,215,188,223,203
1122_jpg.rf.0472cbd77d66c97fbdeb5c017896a6fc.jpg,416,416,car,197,197,202,203
1122_jpg.rf.0472cbd77d66c97fbdeb5c017896a6fc.jpg,416,416,container,265,184,290,196
1122_jpg.rf.0472cbd77d66c97fbdeb5c017896a6fc.jpg,416,416,container,305,182,324,194
00458904_jpg.rf.0b638d76ce25808f53532fd03e45f259.jpg,416,416,container,64,113,369,338
00000083_jpg.rf.05ab81e04ad0759de28e5ffa75d6757b.jpg,416,416,car,14,43,391,380
00440712_jpg.rf.0daf017315651904e8b32892cf912375.jpg,416,416,bus,31,35,379,379
00000377_jpg.rf.1298371a6d7a038e833cb3498a885df9.jpg,416,416,car,34,129,364,412
1241_jpg.rf.06133db7da19b6e4d876f50e4584c5fa.jpg,416,416,motorbike,78,212,85,226
1241_jpg.rf.06133db7da19b6e4d876f50e4584c5fa.jpg,416,416,motorbike,109,207,117,222
1241_jpg.rf.06133db7da19b6e4d876f50e4584c5fa.jpg,416,416,motorbike,142,193,144,201
1241_jpg.rf.06133db7da19b6e4d876f50e4584c5fa.jpg,416,416,motorbike,145,189,148,197
1241_jpg.rf.06133db7da19b6e4d876f50e4584c5fa.jpg,416,416,motorbike,151,188,156,196
1241_jpg.rf.06133db7da19b6e4d876f50e4584c5fa.jpg,416,416,car,212,222,231,246
1241_jpg.rf.06133db7da19b6e4d876f50e4584c5fa.jpg,416,416,bus,81,236,152,342
1241_jpg.rf.06133db7da19b6e4d876f50e4584c5fa.jpg,416,416,car,157,281,201,380
1241_jpg.rf.06133db7da19b6e4d876f50e4584c5fa.jpg,416,416,container,192,172,204,202
1241_jpg.rf.06133db7da19b6e4d876f50e4584c5fa.jpg,416,416,car,213,189,223,202
1241_jpg.rf.06133db7da19b6e4d876f50e4584c5fa.jpg,416,416,truck,345,258,415,363
4199_jpg.rf.043435885a2c70b57fba96224e1d8bc3.jpg,416,416,car,61,317,87,342
4199_jpg.rf.043435885a2c70b57fba96224e1d8bc3.jpg,416,416,car,19,324,58,349
4199_jpg.rf.043435885a2c70b57fba96224e1d8bc3.jpg,416,416,car,57,301,81,317
4199_jpg.rf.043435885a2c70b57fba96224e1d8bc3.jpg,416,416,car,232,315,251,349
4199_jpg.rf.043435885a2c70b57fba96224e1d8bc3.jpg,416,416,car,216,275,227,288
4199_jpg.rf.043435885a2c70b57fba96224e1d8bc3.jpg,416,416,car,235,274,248,288
4199_jpg.rf.043435885a2c70b57fba96224e1d8bc3.jpg,416,416,car,238,259,247,272
4199_jpg.rf.043435885a2c70b57fba96224e1d8bc3.jpg,416,416,car,209,256,219,267
4199_jpg.rf.043435885a2c70b57fba96224e1d8bc3.jpg,416,416,bus,314,285,378,358
4199_jpg.rf.043435885a2c70b57fba96224e1d8bc3.jpg,416,416,car,305,273,321,286
4199_jpg.rf.043435885a2c70b57fba96224e1d8bc3.jpg,416,416,car,325,271,345,282
4199_jpg.rf.043435885a2c70b57fba96224e1d8bc3.jpg,416,416,car,254,263,266,273
4199_jpg.rf.043435885a2c70b57fba96224e1d8bc3.jpg,416,416,car,283,261,290,272
4199_jpg.rf.043435885a2c70b57fba96224e1d8bc3.jpg,416,416,car,299,259,311,270
4199_jpg.rf.043435885a2c70b57fba96224e1d8bc3.jpg,416,416,car,121,264,134,279
4199_jpg.rf.043435885a2c70b57fba96224e1d8bc3.jpg,416,416,car,158,246,164,255
4199_jpg.rf.043435885a2c70b57fba96224e1d8bc3.jpg,416,416,motorbike,177,252,182,263
4199_jpg.rf.043435885a2c70b57fba96224e1d8bc3.jpg,416,416,motorbike,180,246,184,252
4199_jpg.rf.043435885a2c70b57fba96224e1d8bc3.jpg,416,416,car,209,243,214,251
4199_jpg.rf.043435885a2c70b57fba96224e1d8bc3.jpg,416,416,car,218,242,222,247
4199_jpg.rf.043435885a2c70b57fba96224e1d8bc3.jpg,416,416,bus,232,236,247,247
4199_jpg.rf.043435885a2c70b57fba96224e1d8bc3.jpg,416,416,bus,248,240,258,254
4199_jpg.rf.043435885a2c70b57fba96224e1d8bc3.jpg,416,416,bus,260,244,276,265
00000694_jpg.rf.09552dd5771b9c83bf76254ae7c51edf.jpg,416,416,car,36,78,361,352
00023526_jpg.rf.0ff509f809ad98963c7c661bf58ee9bb.jpg,416,416,truck,26,12,403,397
4092_jpg.rf.0e012594089b4c38eba23d265caa0997.jpg,416,416,car,31,81,99,153
4092_jpg.rf.0e012594089b4c38eba23d265caa0997.jpg,416,416,car,157,67,183,94
4092_jpg.rf.0e012594089b4c38eba23d265caa0997.jpg,416,416,car,310,74,339,103
4092_jpg.rf.0e012594089b4c38eba23d265caa0997.jpg,416,416,car,333,17,339,30
4092_jpg.rf.0e012594089b4c38eba23d265caa0997.jpg,416,416,car,306,10,314,23
4092_jpg.rf.0e012594089b4c38eba23d265caa0997.jpg,416,416,car,256,3,262,8
00000522_jpg.rf.12ec5e499b4708fb18f68c795da8d3f9.jpg,416,416,car,50,98,348,319
1269_jpg.rf.0e31cc75b4f005ef2e4a323de5bf0808.jpg,416,416,container,84,218,205,412
1269_jpg.rf.0e31cc75b4f005ef2e4a323de5bf0808.jpg,416,416,motorbike,72,192,82,215
1269_jpg.rf.0e31cc75b4f005ef2e4a323de5bf0808.jpg,416,416,motorbike,98,177,106,188
1269_jpg.rf.0e31cc75b4f005ef2e4a323de5bf0808.jpg,416,416,car,179,167,189,181
1269_jpg.rf.0e31cc75b4f005ef2e4a323de5bf0808.jpg,416,416,container,327,175,383,238
1150_jpg.rf.14e33d95ee9ef1f0688659408f49394c.jpg,416,416,container,175,231,216,345
1150_jpg.rf.14e33d95ee9ef1f0688659408f49394c.jpg,416,416,truck,338,242,376,282
1150_jpg.rf.14e33d95ee9ef1f0688659408f49394c.jpg,416,416,container,229,206,245,235
1150_jpg.rf.14e33d95ee9ef1f0688659408f49394c.jpg,416,416,container,215,198,221,204
1150_jpg.rf.14e33d95ee9ef1f0688659408f49394c.jpg,416,416,container,206,197,212,203
1150_jpg.rf.14e33d95ee9ef1f0688659408f49394c.jpg,416,416,truck,216,205,224,218
1150_jpg.rf.14e33d95ee9ef1f0688659408f49394c.jpg,416,416,truck,205,206,212,218
1150_jpg.rf.14e33d95ee9ef1f0688659408f49394c.jpg,416,416,car,186,215,194,227
1150_jpg.rf.14e33d95ee9ef1f0688659408f49394c.jpg,416,416,bus,3,245,64,312
00457805_jpg.rf.1615f86243cdbf52a4cbf5ce36a88a44.jpg,416,416,truck,65,81,359,371
4076_jpg.rf.148373d94473fe5e34be204d2a2c14e1.jpg,416,416,bus,163,43,302,358
00000013_jpg.rf.16f09a44e740506f05274fde7836a2af.jpg,416,416,car,44,108,362,382
00000288_jpg.rf.12914de1660ff813372258751f292cda.jpg,416,416,car,135,51,391,345
4200_jpg.rf.17cae3cce9daab05388c22a016d5e889.jpg,416,416,bus,204,249,255,368
4200_jpg.rf.17cae3cce9daab05388c22a016d5e889.jpg,416,416,bus,198,203,237,255
4200_jpg.rf.17cae3cce9daab05388c22a016d5e889.jpg,416,416,bus,192,168,218,203
4200_jpg.rf.17cae3cce9daab05388c22a016d5e889.jpg,416,416,bus,183,140,209,170
4200_jpg.rf.17cae3cce9daab05388c22a016d5e889.jpg,416,416,car,39,316,84,395
4200_jpg.rf.17cae3cce9daab05388c22a016d5e889.jpg,416,416,car,80,263,103,299
4200_jpg.rf.17cae3cce9daab05388c22a016d5e889.jpg,416,416,car,126,266,157,306
4200_jpg.rf.17cae3cce9daab05388c22a016d5e889.jpg,416,416,car,133,204,155,236
4200_jpg.rf.17cae3cce9daab05388c22a016d5e889.jpg,416,416,car,93,207,114,236
4200_jpg.rf.17cae3cce9daab05388c22a016d5e889.jpg,416,416,car,62,204,80,230
4200_jpg.rf.17cae3cce9daab05388c22a016d5e889.jpg,416,416,car,85,169,99,195
4200_jpg.rf.17cae3cce9daab05388c22a016d5e889.jpg,416,416,car,106,174,121,194
4200_jpg.rf.17cae3cce9daab05388c22a016d5e889.jpg,416,416,car,119,186,135,207
4200_jpg.rf.17cae3cce9daab05388c22a016d5e889.jpg,416,416,car,142,144,156,159
4200_jpg.rf.17cae3cce9daab05388c22a016d5e889.jpg,416,416,car,119,150,133,170
4200_jpg.rf.17cae3cce9daab05388c22a016d5e889.jpg,416,416,car,2,195,16,224
4200_jpg.rf.17cae3cce9daab05388c22a016d5e889.jpg,416,416,car,41,148,60,175
4200_jpg.rf.17cae3cce9daab05388c22a016d5e889.jpg,416,416,car,31,150,42,167
4200_jpg.rf.17cae3cce9daab05388c22a016d5e889.jpg,416,416,car,71,144,82,156
4200_jpg.rf.17cae3cce9daab05388c22a016d5e889.jpg,416,416,car,89,137,98,149
4200_jpg.rf.17cae3cce9daab05388c22a016d5e889.jpg,416,416,car,132,127,141,138
4200_jpg.rf.17cae3cce9daab05388c22a016d5e889.jpg,416,416,car,144,120,155,140
4200_jpg.rf.17cae3cce9daab05388c22a016d5e889.jpg,416,416,car,247,232,270,250
4200_jpg.rf.17cae3cce9daab05388c22a016d5e889.jpg,416,416,car,253,251,276,295
4200_jpg.rf.17cae3cce9daab05388c22a016d5e889.jpg,416,416,car,265,290,293,319
4200_jpg.rf.17cae3cce9daab05388c22a016d5e889.jpg,416,416,car,278,316,308,362
4200_jpg.rf.17cae3cce9daab05388c22a016d5e889.jpg,416,416,car,319,238,348,277
4200_jpg.rf.17cae3cce9daab05388c22a016d5e889.jpg,416,416,car,371,253,397,282
4200_jpg.rf.17cae3cce9daab05388c22a016d5e889.jpg,416,416,car,327,201,348,225
4200_jpg.rf.17cae3cce9daab05388c22a016d5e889.jpg,416,416,car,285,195,301,219
4200_jpg.rf.17cae3cce9daab05388c22a016d5e889.jpg,416,416,car,303,169,324,195
4200_jpg.rf.17cae3cce9daab05388c22a016d5e889.jpg,416,416,car,268,168,280,185
4200_jpg.rf.17cae3cce9daab05388c22a016d5e889.jpg,416,416,car,283,154,295,174
4200_jpg.rf.17cae3cce9daab05388c22a016d5e889.jpg,416,416,car,296,151,306,167
4200_jpg.rf.17cae3cce9daab05388c22a016d5e889.jpg,416,416,car,305,144,315,160
4200_jpg.rf.17cae3cce9daab05388c22a016d5e889.jpg,416,416,car,289,139,301,150
4200_jpg.rf.17cae3cce9daab05388c22a016d5e889.jpg,416,416,car,273,140,283,154
4200_jpg.rf.17cae3cce9daab05388c22a016d5e889.jpg,416,416,car,257,157,270,169
4200_jpg.rf.17cae3cce9daab05388c22a016d5e889.jpg,416,416,car,249,150,265,168
4200_jpg.rf.17cae3cce9daab05388c22a016d5e889.jpg,416,416,car,240,141,248,159
4200_jpg.rf.17cae3cce9daab05388c22a016d5e889.jpg,416,416,car,231,137,238,150
4200_jpg.rf.17cae3cce9daab05388c22a016d5e889.jpg,416,416,car,245,122,255,130
4200_jpg.rf.17cae3cce9daab05388c22a016d5e889.jpg,416,416,car,262,136,270,143
4200_jpg.rf.17cae3cce9daab05388c22a016d5e889.jpg,416,416,car,219,130,226,140
4200_jpg.rf.17cae3cce9daab05388c22a016d5e889.jpg,416,416,car,216,124,225,133
4200_jpg.rf.17cae3cce9daab05388c22a016d5e889.jpg,416,416,car,213,117,220,125
4200_jpg.rf.17cae3cce9daab05388c22a016d5e889.jpg,416,416,car,208,111,214,119
4200_jpg.rf.17cae3cce9daab05388c22a016d5e889.jpg,416,416,car,220,111,226,121
4200_jpg.rf.17cae3cce9daab05388c22a016d5e889.jpg,416,416,car,231,125,239,135
4200_jpg.rf.17cae3cce9daab05388c22a016d5e889.jpg,416,416,car,231,117,238,125
4200_jpg.rf.17cae3cce9daab05388c22a016d5e889.jpg,416,416,car,239,112,245,122
4200_jpg.rf.17cae3cce9daab05388c22a016d5e889.jpg,416,416,car,98,137,103,148
4200_jpg.rf.17cae3cce9daab05388c22a016d5e889.jpg,416,416,car,97,128,106,140
4200_jpg.rf.17cae3cce9daab05388c22a016d5e889.jpg,416,416,car,103,125,111,135
4200_jpg.rf.17cae3cce9daab05388c22a016d5e889.jpg,416,416,car,104,119,112,127
4200_jpg.rf.17cae3cce9daab05388c22a016d5e889.jpg,416,416,car,107,113,112,121
4200_jpg.rf.17cae3cce9daab05388c22a016d5e889.jpg,416,416,car,134,109,142,121
00016128_jpg.rf.1f000168200e3e89f18de48ed1d20fa7.jpg,416,416,truck,40,55,370,356
1085_jpg.rf.20b8c54a62545fa83886f09bd3dd3083.jpg,416,416,motorbike,64,225,72,245
1085_jpg.rf.20b8c54a62545fa83886f09bd3dd3083.jpg,416,416,motorbike,104,209,108,220
1085_jpg.rf.20b8c54a62545fa83886f09bd3dd3083.jpg,416,416,motorbike,161,190,163,197
1085_jpg.rf.20b8c54a62545fa83886f09bd3dd3083.jpg,416,416,car,207,214,221,232
1085_jpg.rf.20b8c54a62545fa83886f09bd3dd3083.jpg,416,416,container,190,183,200,206
1085_jpg.rf.20b8c54a62545fa83886f09bd3dd3083.jpg,416,416,container,342,200,416,263
1085_jpg.rf.20b8c54a62545fa83886f09bd3dd3083.jpg,416,416,container,336,259,416,399
00013815_jpg.rf.19a25ff77949d163b6724b37b1bc6b61.jpg,416,416,truck,9,45,407,405
1087_jpg.rf.188cfc31b8ab186ec3ed2a6014c5d4b2.jpg,416,416,truck,123,237,166,306
1087_jpg.rf.188cfc31b8ab186ec3ed2a6014c5d4b2.jpg,416,416,car,2,273,54,343
1087_jpg.rf.188cfc31b8ab186ec3ed2a6014c5d4b2.jpg,416,416,truck,183,224,215,289
1087_jpg.rf.188cfc31b8ab186ec3ed2a6014c5d4b2.jpg,416,416,container,298,263,389,416
1087_jpg.rf.188cfc31b8ab186ec3ed2a6014c5d4b2.jpg,416,416,container,222,198,248,256
1087_jpg.rf.188cfc31b8ab186ec3ed2a6014c5d4b2.jpg,416,416,container,257,200,307,284
1087_jpg.rf.188cfc31b8ab186ec3ed2a6014c5d4b2.jpg,416,416,container,282,176,311,188
1087_jpg.rf.188cfc31b8ab186ec3ed2a6014c5d4b2.jpg,416,416,truck,332,176,349,188
1087_jpg.rf.188cfc31b8ab186ec3ed2a6014c5d4b2.jpg,416,416,truck,207,195,218,218
1087_jpg.rf.188cfc31b8ab186ec3ed2a6014c5d4b2.jpg,416,416,truck,221,187,229,198
1087_jpg.rf.188cfc31b8ab186ec3ed2a6014c5d4b2.jpg,416,416,truck,233,187,243,200
1087_jpg.rf.188cfc31b8ab186ec3ed2a6014c5d4b2.jpg,416,416,car,195,195,204,206
1087_jpg.rf.188cfc31b8ab186ec3ed2a6014c5d4b2.jpg,416,416,container,260,180,273,193
1087_jpg.rf.188cfc31b8ab186ec3ed2a6014c5d4b2.jpg,416,416,truck,203,186,207,193
4136_jpg.rf.145dac912b965668474796ed40ab3fdc.jpg,416,416,bus,143,155,228,277
4136_jpg.rf.145dac912b965668474796ed40ab3fdc.jpg,416,416,car,210,268,259,327
4136_jpg.rf.145dac912b965668474796ed40ab3fdc.jpg,416,416,truck,281,276,369,414
4136_jpg.rf.145dac912b965668474796ed40ab3fdc.jpg,416,416,car,318,257,353,290
4136_jpg.rf.145dac912b965668474796ed40ab3fdc.jpg,416,416,car,330,199,366,239
4136_jpg.rf.145dac912b965668474796ed40ab3fdc.jpg,416,416,car,268,188,300,223
4136_jpg.rf.145dac912b965668474796ed40ab3fdc.jpg,416,416,car,287,166,305,193
4136_jpg.rf.145dac912b965668474796ed40ab3fdc.jpg,416,416,car,305,161,317,186
4136_jpg.rf.145dac912b965668474796ed40ab3fdc.jpg,416,416,car,309,150,320,173
4136_jpg.rf.145dac912b965668474796ed40ab3fdc.jpg,416,416,car,319,142,331,166
4136_jpg.rf.145dac912b965668474796ed40ab3fdc.jpg,416,416,car,335,172,367,203
4136_jpg.rf.145dac912b965668474796ed40ab3fdc.jpg,416,416,car,359,108,376,130
4136_jpg.rf.145dac912b965668474796ed40ab3fdc.jpg,416,416,car,95,221,138,281
4136_jpg.rf.145dac912b965668474796ed40ab3fdc.jpg,416,416,car,238,150,256,179
4136_jpg.rf.145dac912b965668474796ed40ab3fdc.jpg,416,416,car,249,139,268,159
4136_jpg.rf.145dac912b965668474796ed40ab3fdc.jpg,416,416,car,193,130,225,148
4136_jpg.rf.145dac912b965668474796ed40ab3fdc.jpg,416,416,car,227,121,239,143
4136_jpg.rf.145dac912b965668474796ed40ab3fdc.jpg,416,416,car,39,163,84,205
4136_jpg.rf.145dac912b965668474796ed40ab3fdc.jpg,416,416,car,1,175,35,219
1243_jpg.rf.22848f9f38e2d337ced7e4d0e3da6446.jpg,416,416,motorbike,108,192,110,200
1243_jpg.rf.22848f9f38e2d337ced7e4d0e3da6446.jpg,416,416,motorbike,106,202,111,215
1243_jpg.rf.22848f9f38e2d337ced7e4d0e3da6446.jpg,416,416,bus,155,191,172,221
1243_jpg.rf.22848f9f38e2d337ced7e4d0e3da6446.jpg,416,416,motorbike,152,185,156,191
1243_jpg.rf.22848f9f38e2d337ced7e4d0e3da6446.jpg,416,416,car,181,189,188,201
1243_jpg.rf.22848f9f38e2d337ced7e4d0e3da6446.jpg,416,416,car,200,188,206,198
1243_jpg.rf.22848f9f38e2d337ced7e4d0e3da6446.jpg,416,416,container,189,176,196,190
1243_jpg.rf.22848f9f38e2d337ced7e4d0e3da6446.jpg,416,416,car,200,181,206,187
00011414_jpg.rf.1c9bbda02c684c31575732b802b24729.jpg,416,416,car,5,2,156,108
00011414_jpg.rf.1c9bbda02c684c31575732b802b24729.jpg,416,416,truck,152,6,402,401
00000080_jpg.rf.1a901e4d5e564f547a472ecd4f7e235f.jpg,416,416,car,36,88,372,341
00457257_jpg.rf.27c368e15f3de67524bc41f6351fce89.jpg,416,416,container,28,99,396,314
00000629_jpg.rf.237f3afa1ebba42fc0427e1b9d6cf5ee.jpg,416,416,car,37,86,412,330
4132_jpg.rf.1b26e73a38aaca6ec8663f365f1f1b63.jpg,416,416,bus,22,195,188,414
4132_jpg.rf.1b26e73a38aaca6ec8663f365f1f1b63.jpg,416,416,bus,188,128,273,262
4132_jpg.rf.1b26e73a38aaca6ec8663f365f1f1b63.jpg,416,416,bus,268,91,319,178
4132_jpg.rf.1b26e73a38aaca6ec8663f365f1f1b63.jpg,416,416,bus,310,54,345,132
4132_jpg.rf.1b26e73a38aaca6ec8663f365f1f1b63.jpg,416,416,bus,342,41,359,111
4132_jpg.rf.1b26e73a38aaca6ec8663f365f1f1b63.jpg,416,416,bus,361,28,373,74
4132_jpg.rf.1b26e73a38aaca6ec8663f365f1f1b63.jpg,416,416,bus,374,24,382,61
4132_jpg.rf.1b26e73a38aaca6ec8663f365f1f1b63.jpg,416,416,bus,382,22,388,52
4132_jpg.rf.1b26e73a38aaca6ec8663f365f1f1b63.jpg,416,416,bus,405,2,415,22
4132_jpg.rf.1b26e73a38aaca6ec8663f365f1f1b63.jpg,416,416,bus,398,6,405,24
00022805_jpg.rf.23dfce815a15e0acced80477e299a956.jpg,416,416,container,20,47,400,355
00018308---Copy_jpg.rf.21b776dff045fbe120fcb70a59748019.jpg,416,416,truck,55,100,377,345
4091_jpg.rf.2d251528eb129c439f12fa6683d487d2.jpg,416,416,bus,143,167,240,296
1033_jpg.rf.21c127c58aaa2d5557e85e67c5a563b3.jpg,416,416,motorbike,131,201,136,214
1033_jpg.rf.21c127c58aaa2d5557e85e67c5a563b3.jpg,416,416,container,188,187,224,281
1033_jpg.rf.21c127c58aaa2d5557e85e67c5a563b3.jpg,416,416,car,239,259,279,319
1033_jpg.rf.21c127c58aaa2d5557e85e67c5a563b3.jpg,416,416,car,226,199,243,229
1033_jpg.rf.21c127c58aaa2d5557e85e67c5a563b3.jpg,416,416,car,218,182,223,191
1033_jpg.rf.21c127c58aaa2d5557e85e67c5a563b3.jpg,416,416,truck,357,260,415,346
4128_jpg.rf.1d5d2b13372405d9c4fb461a05ac5817.jpg,416,416,bus,133,94,282,274
4128_jpg.rf.1d5d2b13372405d9c4fb461a05ac5817.jpg,416,416,car,238,270,315,401
4128_jpg.rf.1d5d2b13372405d9c4fb461a05ac5817.jpg,416,416,car,341,122,380,178
4128_jpg.rf.1d5d2b13372405d9c4fb461a05ac5817.jpg,416,416,car,292,89,325,128
4128_jpg.rf.1d5d2b13372405d9c4fb461a05ac5817.jpg,416,416,car,315,43,348,102
4128_jpg.rf.1d5d2b13372405d9c4fb461a05ac5817.jpg,416,416,car,380,30,406,70
4128_jpg.rf.1d5d2b13372405d9c4fb461a05ac5817.jpg,416,416,car,390,7,408,28
00000326_jpg.rf.283d07c1dbe982be929760063e0c47c9.jpg,416,416,car,58,96,394,332
4042_jpg.rf.258e5bfb54be60eef61d65c2a46a21f6.jpg,416,416,bus,117,169,206,387
4042_jpg.rf.258e5bfb54be60eef61d65c2a46a21f6.jpg,416,416,car,278,311,352,415
4042_jpg.rf.258e5bfb54be60eef61d65c2a46a21f6.jpg,416,416,bus,192,95,227,156
4042_jpg.rf.258e5bfb54be60eef61d65c2a46a21f6.jpg,416,416,car,247,146,275,182
4042_jpg.rf.258e5bfb54be60eef61d65c2a46a21f6.jpg,416,416,car,242,121,261,146
4042_jpg.rf.258e5bfb54be60eef61d65c2a46a21f6.jpg,416,416,car,245,106,260,123
4042_jpg.rf.258e5bfb54be60eef61d65c2a46a21f6.jpg,416,416,car,313,101,324,124
4042_jpg.rf.258e5bfb54be60eef61d65c2a46a21f6.jpg,416,416,car,342,125,370,152
4042_jpg.rf.258e5bfb54be60eef61d65c2a46a21f6.jpg,416,416,truck,198,64,217,90
4042_jpg.rf.258e5bfb54be60eef61d65c2a46a21f6.jpg,416,416,car,240,85,250,94
4042_jpg.rf.258e5bfb54be60eef61d65c2a46a21f6.jpg,416,416,car,244,96,256,104
4042_jpg.rf.258e5bfb54be60eef61d65c2a46a21f6.jpg,416,416,car,262,82,274,97
4042_jpg.rf.258e5bfb54be60eef61d65c2a46a21f6.jpg,416,416,car,281,87,294,102
1228_jpg.rf.2ebd301cb07d98a30e46053b0e0c8b0e.jpg,416,416,truck,173,203,194,240
1228_jpg.rf.2ebd301cb07d98a30e46053b0e0c8b0e.jpg,416,416,car,250,257,305,325
1228_jpg.rf.2ebd301cb07d98a30e46053b0e0c8b0e.jpg,416,416,car,247,228,265,250
1228_jpg.rf.2ebd301cb07d98a30e46053b0e0c8b0e.jpg,416,416,truck,229,196,240,213
1228_jpg.rf.2ebd301cb07d98a30e46053b0e0c8b0e.jpg,416,416,truck,201,197,213,217
1228_jpg.rf.2ebd301cb07d98a30e46053b0e0c8b0e.jpg,416,416,bus,189,184,197,202
1228_jpg.rf.2ebd301cb07d98a30e46053b0e0c8b0e.jpg,416,416,container,200,178,210,196
1228_jpg.rf.2ebd301cb07d98a30e46053b0e0c8b0e.jpg,416,416,container,225,177,244,196
1228_jpg.rf.2ebd301cb07d98a30e46053b0e0c8b0e.jpg,416,416,truck,262,180,267,187
1228_jpg.rf.2ebd301cb07d98a30e46053b0e0c8b0e.jpg,416,416,container,270,174,296,186
00018344_jpg.rf.2e11eeb5b6b7687d84a6ee38d4f6281f.jpg,416,416,truck,23,39,380,369
00536581_jpg.rf.17004e11a49a8f1a8f3cd76a11fa51b4.jpg,416,416,container,24,26,415,400
00538683_jpg.rf.2efaa7286e032dfa051b746be846eec6.jpg,416,416,container,71,67,356,373
4111_jpg.rf.3ad032de730fd1972fb677126b828de0.jpg,416,416,bus,158,37,311,239
4111_jpg.rf.3ad032de730fd1972fb677126b828de0.jpg,416,416,car,319,44,366,100
4111_jpg.rf.3ad032de730fd1972fb677126b828de0.jpg,416,416,car,290,2,326,42
1084_jpg.rf.36ed409dd28cb72c8b74d22a34035aa1.jpg,416,416,motorbike,109,205,113,215
1084_jpg.rf.36ed409dd28cb72c8b74d22a34035aa1.jpg,416,416,motorbike,126,198,130,207
1084_jpg.rf.36ed409dd28cb72c8b74d22a34035aa1.jpg,416,416,car,203,218,216,235
1084_jpg.rf.36ed409dd28cb72c8b74d22a34035aa1.jpg,416,416,car,204,194,210,204
1084_jpg.rf.36ed409dd28cb72c8b74d22a34035aa1.jpg,416,416,container,191,180,199,195
1084_jpg.rf.36ed409dd28cb72c8b74d22a34035aa1.jpg,416,416,container,150,206,191,310
1084_jpg.rf.36ed409dd28cb72c8b74d22a34035aa1.jpg,416,416,truck,324,208,354,240
1084_jpg.rf.36ed409dd28cb72c8b74d22a34035aa1.jpg,416,416,truck,354,209,385,229
00452825_jpg.rf.14c6d3942b70fc238f0a149841d779b6.jpg,416,416,container,89,104,382,339
1145_jpg.rf.33ae4a1006689068346045082426a3bf.jpg,416,416,truck,220,270,258,350
1145_jpg.rf.33ae4a1006689068346045082426a3bf.jpg,416,416,truck,213,215,242,261
1145_jpg.rf.33ae4a1006689068346045082426a3bf.jpg,416,416,truck,187,219,202,250
1145_jpg.rf.33ae4a1006689068346045082426a3bf.jpg,416,416,truck,187,195,194,213
1145_jpg.rf.33ae4a1006689068346045082426a3bf.jpg,416,416,truck,334,233,374,269
1145_jpg.rf.33ae4a1006689068346045082426a3bf.jpg,416,416,truck,229,199,241,216
00000050_jpg.rf.381d81e680ddec3a72aa8889c6d766cf.jpg,416,416,car,23,25,412,413
00000116_jpg.rf.2d7cd2497930f45fae55eef853f2cd95.jpg,416,416,car,79,69,412,384
1014_jpg.rf.3238fee2eb63ca718966da1cc074a67d.jpg,416,416,motorbike,65,249,74,274
1014_jpg.rf.3238fee2eb63ca718966da1cc074a67d.jpg,416,416,motorbike,79,234,87,248
1014_jpg.rf.3238fee2eb63ca718966da1cc074a67d.jpg,416,416,motorbike,126,218,130,230
1014_jpg.rf.3238fee2eb63ca718966da1cc074a67d.jpg,416,416,bus,215,185,223,194
1014_jpg.rf.3238fee2eb63ca718966da1cc074a67d.jpg,416,416,truck,229,178,236,196
1014_jpg.rf.3238fee2eb63ca718966da1cc074a67d.jpg,416,416,truck,238,201,261,249
00000179_jpg.rf.3831c02a59711a9863bb262a9e2f5614.jpg,416,416,car,44,72,363,369
00000192_jpg.rf.18fe3a23f18866586934cbf6b5115598.jpg,416,416,car,56,84,376,414
00000169_jpg.rf.3965403ec0673a4dfbe41104832df0a5.jpg,416,416,car,14,92,363,383
00020317_jpg.rf.3e9bbff9161690cf816e47e7bdcfc511.jpg,416,416,truck,31,67,388,344
4039_jpg.rf.44cf02d3394fa3d65d4fb8d235807e44.jpg,416,416,car,46,271,115,399
4039_jpg.rf.44cf02d3394fa3d65d4fb8d235807e44.jpg,416,416,bus,246,170,331,345
4039_jpg.rf.44cf02d3394fa3d65d4fb8d235807e44.jpg,416,416,car,174,136,204,190
4039_jpg.rf.44cf02d3394fa3d65d4fb8d235807e44.jpg,416,416,car,126,108,158,146
4039_jpg.rf.44cf02d3394fa3d65d4fb8d235807e44.jpg,416,416,car,142,85,165,107
4039_jpg.rf.44cf02d3394fa3d65d4fb8d235807e44.jpg,416,416,car,182,85,201,113
4039_jpg.rf.44cf02d3394fa3d65d4fb8d235807e44.jpg,416,416,car,166,53,181,69
4039_jpg.rf.44cf02d3394fa3d65d4fb8d235807e44.jpg,416,416,car,185,42,198,56
4039_jpg.rf.44cf02d3394fa3d65d4fb8d235807e44.jpg,416,416,car,1,136,22,173
4039_jpg.rf.44cf02d3394fa3d65d4fb8d235807e44.jpg,416,416,car,18,111,45,142
4039_jpg.rf.44cf02d3394fa3d65d4fb8d235807e44.jpg,416,416,car,42,102,67,126
4039_jpg.rf.44cf02d3394fa3d65d4fb8d235807e44.jpg,416,416,car,55,79,78,106
4039_jpg.rf.44cf02d3394fa3d65d4fb8d235807e44.jpg,416,416,car,71,72,94,94
4039_jpg.rf.44cf02d3394fa3d65d4fb8d235807e44.jpg,416,416,car,82,61,102,81
4039_jpg.rf.44cf02d3394fa3d65d4fb8d235807e44.jpg,416,416,car,144,43,158,62
4039_jpg.rf.44cf02d3394fa3d65d4fb8d235807e44.jpg,416,416,bus,98,29,121,60
4039_jpg.rf.44cf02d3394fa3d65d4fb8d235807e44.jpg,416,416,car,129,41,140,52
4039_jpg.rf.44cf02d3394fa3d65d4fb8d235807e44.jpg,416,416,truck,171,32,179,46
00000067_jpg.rf.377752f78715ed2b3a01abdc1fb01ebd.jpg,416,416,car,23,77,370,352
00012206_jpg.rf.437ef0763f6f65188ad2185daab8ef41.jpg,416,416,truck,28,25,402,371
2038_jpg.rf.41e8927acb319f141f61422074ca1975.jpg,416,416,truck,118,304,147,379
2038_jpg.rf.41e8927acb319f141f61422074ca1975.jpg,416,416,container,175,224,198,398
2038_jpg.rf.41e8927acb319f141f61422074ca1975.jpg,416,416,car,198,243,210,271
2038_jpg.rf.41e8927acb319f141f61422074ca1975.jpg,416,416,container,218,230,268,348
2038_jpg.rf.41e8927acb319f141f61422074ca1975.jpg,416,416,container,198,197,215,239
2038_jpg.rf.41e8927acb319f141f61422074ca1975.jpg,416,416,truck,158,190,168,211
2038_jpg.rf.41e8927acb319f141f61422074ca1975.jpg,416,416,container,195,182,211,200
2038_jpg.rf.41e8927acb319f141f61422074ca1975.jpg,416,416,container,263,171,292,189
4044_jpg.rf.3c5c2e92ab855a388bc88a9a1825d4ea.jpg,416,416,car,19,9,68,48
4044_jpg.rf.3c5c2e92ab855a388bc88a9a1825d4ea.jpg,416,416,truck,93,29,155,68
4044_jpg.rf.3c5c2e92ab855a388bc88a9a1825d4ea.jpg,416,416,truck,169,6,300,104
4044_jpg.rf.3c5c2e92ab855a388bc88a9a1825d4ea.jpg,416,416,bus,76,70,327,356
1021_jpg.rf.4323a1d48fa8d50deccf421860db5391.jpg,416,416,car,26,254,72,298
1021_jpg.rf.4323a1d48fa8d50deccf421860db5391.jpg,416,416,container,211,184,221,206
1021_jpg.rf.4323a1d48fa8d50deccf421860db5391.jpg,416,416,motorbike,95,231,102,244
1021_jpg.rf.4323a1d48fa8d50deccf421860db5391.jpg,416,416,motorbike,154,205,159,213
1021_jpg.rf.4323a1d48fa8d50deccf421860db5391.jpg,416,416,car,365,272,416,334
1021_jpg.rf.4323a1d48fa8d50deccf421860db5391.jpg,416,416,car,314,237,346,266
00454271_jpg.rf.4a0f44962942d1e560a3d956a3399147.jpg,416,416,truck,61,106,370,340
00454973_jpg.rf.22c221c64ccf68647b8bf792f8c92c23.jpg,416,416,truck,51,109,373,371
00000056_jpg.rf.4a51823f6c53e1cb92fd57f06878ca64.jpg,416,416,car,53,120,379,402
1125_jpg.rf.3ceba9d51bb9bde668c8b057b48521f3.jpg,416,416,car,82,337,132,392
1125_jpg.rf.3ceba9d51bb9bde668c8b057b48521f3.jpg,416,416,car,146,352,185,410
1125_jpg.rf.3ceba9d51bb9bde668c8b057b48521f3.jpg,416,416,truck,215,308,268,398
1125_jpg.rf.3ceba9d51bb9bde668c8b057b48521f3.jpg,416,416,truck,283,273,411,415
1125_jpg.rf.3ceba9d51bb9bde668c8b057b48521f3.jpg,416,416,car,154,252,174,274
1125_jpg.rf.3ceba9d51bb9bde668c8b057b48521f3.jpg,416,416,container,184,229,207,311
1125_jpg.rf.3ceba9d51bb9bde668c8b057b48521f3.jpg,416,416,truck,335,242,375,277
1125_jpg.rf.3ceba9d51bb9bde668c8b057b48521f3.jpg,416,416,truck,227,212,249,246
1125_jpg.rf.3ceba9d51bb9bde668c8b057b48521f3.jpg,416,416,car,182,219,191,228
1125_jpg.rf.3ceba9d51bb9bde668c8b057b48521f3.jpg,416,416,truck,270,213,289,232
1125_jpg.rf.3ceba9d51bb9bde668c8b057b48521f3.jpg,416,416,truck,211,211,224,230
1125_jpg.rf.3ceba9d51bb9bde668c8b057b48521f3.jpg,416,416,container,200,202,208,223
1125_jpg.rf.3ceba9d51bb9bde668c8b057b48521f3.jpg,416,416,container,228,199,239,210
1125_jpg.rf.3ceba9d51bb9bde668c8b057b48521f3.jpg,416,416,container,246,199,263,213
00000611_jpg.rf.40a813f75e2499c0ace90507b908576b.jpg,416,416,car,46,80,377,353
1066_jpg.rf.4b82f275436b00043e7786a6fada4326.jpg,416,416,motorbike,121,188,125,198
1066_jpg.rf.4b82f275436b00043e7786a6fada4326.jpg,416,416,motorbike,114,186,117,199
1066_jpg.rf.4b82f275436b00043e7786a6fada4326.jpg,416,416,car,197,187,211,207
1066_jpg.rf.4b82f275436b00043e7786a6fada4326.jpg,416,416,motorbike,124,177,127,184
1066_jpg.rf.4b82f275436b00043e7786a6fada4326.jpg,416,416,container,203,158,208,168
1066_jpg.rf.4b82f275436b00043e7786a6fada4326.jpg,416,416,bus,210,159,214,164
1066_jpg.rf.4b82f275436b00043e7786a6fada4326.jpg,416,416,truck,380,272,416,344
1066_jpg.rf.4b82f275436b00043e7786a6fada4326.jpg,416,416,bus,327,188,391,239
00000315_jpg.rf.4a99ccc34030802ed5a335c4941a0e61.jpg,416,416,car,67,92,370,334
00439691_jpg.rf.4db4636349b59c357f61c153abc9edeb.jpg,416,416,bus,36,58,383,346
00000550_jpg.rf.4ffffae3430a45ddc15bc7fed6fc73dd.jpg,416,416,car,51,98,409,371
4137_jpg.rf.4bc199500917b097280066ab2654d83c.jpg,416,416,bus,81,117,262,334
4137_jpg.rf.4bc199500917b097280066ab2654d83c.jpg,416,416,bus,297,73,360,226
1114_jpg.rf.4949c3ecc476ea0d30f29837dcf3f5f1.jpg,416,416,car,174,261,195,284
1114_jpg.rf.4949c3ecc476ea0d30f29837dcf3f5f1.jpg,416,416,truck,341,250,415,312
1114_jpg.rf.4949c3ecc476ea0d30f29837dcf3f5f1.jpg,416,416,truck,328,238,361,259
1114_jpg.rf.4949c3ecc476ea0d30f29837dcf3f5f1.jpg,416,416,container,228,198,246,233
1114_jpg.rf.4949c3ecc476ea0d30f29837dcf3f5f1.jpg,416,416,car,192,212,200,222
1114_jpg.rf.4949c3ecc476ea0d30f29837dcf3f5f1.jpg,416,416,car,51,246,79,267
4089_jpg.rf.5094e3dbb264c1bc51487797dbc341c3.jpg,416,416,bus,190,90,282,254
4089_jpg.rf.5094e3dbb264c1bc51487797dbc341c3.jpg,416,416,car,320,53,342,84
4089_jpg.rf.5094e3dbb264c1bc51487797dbc341c3.jpg,416,416,car,318,20,335,44
4089_jpg.rf.5094e3dbb264c1bc51487797dbc341c3.jpg,416,416,car,341,15,355,35
4089_jpg.rf.5094e3dbb264c1bc51487797dbc341c3.jpg,416,416,car,386,9,400,24
4089_jpg.rf.5094e3dbb264c1bc51487797dbc341c3.jpg,416,416,car,398,31,412,51
00000206_jpg.rf.55918a1173208fb13cf54013d296cf1f.jpg,416,416,car,12,2,358,380
0017_jpg.rf.4d329bbde0174a061e4f4523b557c650.jpg,416,416,container,21,202,86,275
0017_jpg.rf.4d329bbde0174a061e4f4523b557c650.jpg,416,416,car,57,308,102,380
0017_jpg.rf.4d329bbde0174a061e4f4523b557c650.jpg,416,416,car,118,210,134,241
0017_jpg.rf.4d329bbde0174a061e4f4523b557c650.jpg,416,416,motorbike,96,192,104,207
0017_jpg.rf.4d329bbde0174a061e4f4523b557c650.jpg,416,416,car,171,184,185,199
0017_jpg.rf.4d329bbde0174a061e4f4523b557c650.jpg,416,416,car,277,241,299,263
0017_jpg.rf.4d329bbde0174a061e4f4523b557c650.jpg,416,416,car,301,237,326,261
0017_jpg.rf.4d329bbde0174a061e4f4523b557c650.jpg,416,416,car,132,320,161,382
0017_jpg.rf.4d329bbde0174a061e4f4523b557c650.jpg,416,416,car,378,266,408,301
0017_jpg.rf.4d329bbde0174a061e4f4523b557c650.jpg,416,416,car,310,207,324,225
0017_jpg.rf.4d329bbde0174a061e4f4523b557c650.jpg,416,416,car,330,223,349,241
0017_jpg.rf.4d329bbde0174a061e4f4523b557c650.jpg,416,416,car,105,181,114,191
0017_jpg.rf.4d329bbde0174a061e4f4523b557c650.jpg,416,416,car,153,175,162,188
0017_jpg.rf.4d329bbde0174a061e4f4523b557c650.jpg,416,416,car,177,172,185,182
0017_jpg.rf.4d329bbde0174a061e4f4523b557c650.jpg,416,416,car,219,183,227,194
0017_jpg.rf.4d329bbde0174a061e4f4523b557c650.jpg,416,416,car,246,200,260,210
0017_jpg.rf.4d329bbde0174a061e4f4523b557c650.jpg,416,416,car,258,213,279,240
0017_jpg.rf.4d329bbde0174a061e4f4523b557c650.jpg,416,416,car,236,183,246,193
0017_jpg.rf.4d329bbde0174a061e4f4523b557c650.jpg,416,416,car,248,181,259,192
4015_jpg.rf.58a048012e74eb12603042978de1dd88.jpg,416,416,car,280,258,370,393
4015_jpg.rf.58a048012e74eb12603042978de1dd88.jpg,416,416,bus,316,7,415,258
4015_jpg.rf.58a048012e74eb12603042978de1dd88.jpg,416,416,bus,160,28,298,366
4015_jpg.rf.58a048012e74eb12603042978de1dd88.jpg,416,416,bus,1,100,71,398
4015_jpg.rf.58a048012e74eb12603042978de1dd88.jpg,416,416,bus,55,5,156,135
4015_jpg.rf.58a048012e74eb12603042978de1dd88.jpg,416,416,car,376,322,415,415
00020024_jpg.rf.580ecaa1d16648b11498bb757c494fc9.jpg,416,416,truck,48,65,415,391
4197_jpg.rf.62341e72add4f9e3b3c2cc31c63b5016.jpg,416,416,car,154,13,201,80
4197_jpg.rf.62341e72add4f9e3b3c2cc31c63b5016.jpg,416,416,bus,115,81,330,365
4181_jpg.rf.51151e00cf78a5874e263b9fe1e9b0cc.jpg,416,416,bus,142,47,297,348
4181_jpg.rf.51151e00cf78a5874e263b9fe1e9b0cc.jpg,416,416,car,376,4,403,33
4181_jpg.rf.51151e00cf78a5874e263b9fe1e9b0cc.jpg,416,416,car,405,23,415,74
4181_jpg.rf.51151e00cf78a5874e263b9fe1e9b0cc.jpg,416,416,car,263,2,295,25
00000699_jpg.rf.51b0652fa8a215c45a8492dcfa9965e9.jpg,416,416,car,79,114,379,342
4164_jpg.rf.490f640d999f49e7c68224a9ac744455.jpg,416,416,bus,126,72,241,302
4164_jpg.rf.490f640d999f49e7c68224a9ac744455.jpg,416,416,bus,240,10,272,67
1249_jpg.rf.6054faafb990187b1790b35012472f9c.jpg,416,416,container,172,205,207,309
1249_jpg.rf.6054faafb990187b1790b35012472f9c.jpg,416,416,truck,338,210,403,308
1249_jpg.rf.6054faafb990187b1790b35012472f9c.jpg,416,416,motorbike,29,241,41,268
1249_jpg.rf.6054faafb990187b1790b35012472f9c.jpg,416,416,motorbike,74,232,83,253
1249_jpg.rf.6054faafb990187b1790b35012472f9c.jpg,416,416,motorbike,130,208,134,221
1249_jpg.rf.6054faafb990187b1790b35012472f9c.jpg,416,416,motorbike,137,204,142,214
1249_jpg.rf.6054faafb990187b1790b35012472f9c.jpg,416,416,motorbike,159,192,163,200
1249_jpg.rf.6054faafb990187b1790b35012472f9c.jpg,416,416,car,214,205,223,220
1249_jpg.rf.6054faafb990187b1790b35012472f9c.jpg,416,416,truck,214,191,220,201
1249_jpg.rf.6054faafb990187b1790b35012472f9c.jpg,416,416,truck,208,190,213,202
1249_jpg.rf.6054faafb990187b1790b35012472f9c.jpg,416,416,container,200,184,207,197
00023675_jpg.rf.60b42e9e780331beef4285fdbf44e33d.jpg,416,416,container,1,8,411,388
00019529_jpg.rf.673c94675550f5489dd9cc44408dd05a.jpg,416,416,truck,34,42,385,359
0010_jpg.rf.62c83534714fd7d9e1044e404db93814.jpg,416,416,car,66,304,130,411
0010_jpg.rf.62c83534714fd7d9e1044e404db93814.jpg,416,416,car,116,232,165,298
0010_jpg.rf.62c83534714fd7d9e1044e404db93814.jpg,416,416,car,198,228,254,315
0010_jpg.rf.62c83534714fd7d9e1044e404db93814.jpg,416,416,car,313,176,366,259
0010_jpg.rf.62c83534714fd7d9e1044e404db93814.jpg,416,416,car,207,158,257,230
0010_jpg.rf.62c83534714fd7d9e1044e404db93814.jpg,416,416,car,124,163,170,230
0010_jpg.rf.62c83534714fd7d9e1044e404db93814.jpg,416,416,car,272,123,313,176
0010_jpg.rf.62c83534714fd7d9e1044e404db93814.jpg,416,416,car,132,119,164,166
0010_jpg.rf.62c83534714fd7d9e1044e404db93814.jpg,416,416,car,179,92,209,120
0010_jpg.rf.62c83534714fd7d9e1044e404db93814.jpg,416,416,car,233,88,260,122
0010_jpg.rf.62c83534714fd7d9e1044e404db93814.jpg,416,416,car,275,70,301,94
0010_jpg.rf.62c83534714fd7d9e1044e404db93814.jpg,416,416,car,171,70,191,97
0010_jpg.rf.62c83534714fd7d9e1044e404db93814.jpg,416,416,car,211,76,237,98
0010_jpg.rf.62c83534714fd7d9e1044e404db93814.jpg,416,416,car,201,62,219,84
0010_jpg.rf.62c83534714fd7d9e1044e404db93814.jpg,416,416,car,241,47,259,63
0010_jpg.rf.62c83534714fd7d9e1044e404db93814.jpg,416,416,car,178,54,195,72
0010_jpg.rf.62c83534714fd7d9e1044e404db93814.jpg,416,416,bus,117,50,157,104
00440002_jpg.rf.596abece9dc96a87229be97454a90ab1.jpg,416,416,bus,44,49,390,358
00000566_jpg.rf.5becd64ea59c151797d262ca0bcc2ed1.jpg,416,416,car,4,3,408,413
00018952_jpg.rf.5644486cd0fcec687b06efb5ea9a872a.jpg,416,416,truck,46,69,370,329
1036_jpg.rf.5c74d14a13e9219226888c3e230146ca.jpg,416,416,car,185,213,199,235
1036_jpg.rf.5c74d14a13e9219226888c3e230146ca.jpg,416,416,motorbike,103,211,110,226
1036_jpg.rf.5c74d14a13e9219226888c3e230146ca.jpg,416,416,motorbike,123,204,127,217
1036_jpg.rf.5c74d14a13e9219226888c3e230146ca.jpg,416,416,car,123,189,129,200
1036_jpg.rf.5c74d14a13e9219226888c3e230146ca.jpg,416,416,motorbike,161,187,164,194
2019_jpg.rf.58b0e7155ab426fc75f5c79780eebf55.jpg,416,416,bus,149,227,168,280
2019_jpg.rf.58b0e7155ab426fc75f5c79780eebf55.jpg,416,416,car,151,211,157,222
2019_jpg.rf.58b0e7155ab426fc75f5c79780eebf55.jpg,416,416,truck,164,196,172,217
2019_jpg.rf.58b0e7155ab426fc75f5c79780eebf55.jpg,416,416,bus,173,199,180,215
00018361_jpg.rf.56db05b0319848e22431967f455f1913.jpg,416,416,truck,34,80,362,340
00012371_jpg.rf.6f3aa82b53effb46833af9666f6df21b.jpg,416,416,truck,42,45,404,356
4029_jpg.rf.6970c8eb022eafbc726f2dd91de2210a.jpg,416,416,bus,155,162,255,304
4029_jpg.rf.6970c8eb022eafbc726f2dd91de2210a.jpg,416,416,car,281,255,352,349
4029_jpg.rf.6970c8eb022eafbc726f2dd91de2210a.jpg,416,416,car,379,227,416,291
4029_jpg.rf.6970c8eb022eafbc726f2dd91de2210a.jpg,416,416,car,354,158,375,184
4029_jpg.rf.6970c8eb022eafbc726f2dd91de2210a.jpg,416,416,car,275,136,289,152
4029_jpg.rf.6970c8eb022eafbc726f2dd91de2210a.jpg,416,416,car,325,118,335,135
4029_jpg.rf.6970c8eb022eafbc726f2dd91de2210a.jpg,416,416,car,338,116,351,127
4029_jpg.rf.6970c8eb022eafbc726f2dd91de2210a.jpg,416,416,car,288,121,300,135
4029_jpg.rf.6970c8eb022eafbc726f2dd91de2210a.jpg,416,416,car,316,101,322,111
4194_jpg.rf.65640604d6c1e043e816ba77178a5675.jpg,416,416,bus,170,85,213,149
4194_jpg.rf.65640604d6c1e043e816ba77178a5675.jpg,416,416,car,137,109,165,143
4194_jpg.rf.65640604d6c1e043e816ba77178a5675.jpg,416,416,bus,187,196,291,365
4194_jpg.rf.65640604d6c1e043e816ba77178a5675.jpg,416,416,car,333,288,401,375
4194_jpg.rf.65640604d6c1e043e816ba77178a5675.jpg,416,416,car,290,159,316,200
4194_jpg.rf.65640604d6c1e043e816ba77178a5675.jpg,416,416,car,275,125,301,152
4194_jpg.rf.65640604d6c1e043e816ba77178a5675.jpg,416,416,car,265,75,283,95
4194_jpg.rf.65640604d6c1e043e816ba77178a5675.jpg,416,416,car,236,77,256,99
4194_jpg.rf.65640604d6c1e043e816ba77178a5675.jpg,416,416,car,266,70,281,80
4194_jpg.rf.65640604d6c1e043e816ba77178a5675.jpg,416,416,car,192,48,202,64
4210_jpg.rf.620a16048703507c8d8adf6c63f2d0da.jpg,416,416,truck,154,194,216,300
4210_jpg.rf.620a16048703507c8d8adf6c63f2d0da.jpg,416,416,bus,264,144,358,321
4210_jpg.rf.620a16048703507c8d8adf6c63f2d0da.jpg,416,416,car,254,116,290,147
4210_jpg.rf.620a16048703507c8d8adf6c63f2d0da.jpg,416,416,car,166,144,196,186
4210_jpg.rf.620a16048703507c8d8adf6c63f2d0da.jpg,416,416,car,165,114,189,141
4210_jpg.rf.620a16048703507c8d8adf6c63f2d0da.jpg,416,416,car,165,97,179,111
4210_jpg.rf.620a16048703507c8d8adf6c63f2d0da.jpg,416,416,truck,1,84,41,173
4210_jpg.rf.620a16048703507c8d8adf6c63f2d0da.jpg,416,416,truck,61,62,85,106
4210_jpg.rf.620a16048703507c8d8adf6c63f2d0da.jpg,416,416,truck,94,61,117,101
4210_jpg.rf.620a16048703507c8d8adf6c63f2d0da.jpg,416,416,truck,88,43,97,56
4210_jpg.rf.620a16048703507c8d8adf6c63f2d0da.jpg,416,416,truck,58,47,70,68
00295071---Copy_jpg.rf.76a94214a437d2cc9eeaa28e745ebae0.jpg,416,416,container,35,53,385,301
00536559_jpg.rf.7566b14a08fac38f019f32d730d0993d.jpg,416,416,container,34,32,382,393
00536559_jpg.rf.7566b14a08fac38f019f32d730d0993d.jpg,416,416,car,4,128,74,209
00000308_jpg.rf.7054ad29ac92ee91ba92ee773182f6f9.jpg,416,416,car,46,104,371,344
00000691_jpg.rf.74d6d5b982a3ee0ce457c1340d76a3e4.jpg,416,416,car,38,68,364,339
00016223_jpg.rf.6adf9b53c0e94c40eb2bcd1a41f7bb58.jpg,416,416,truck,18,66,375,374
1189_jpg.rf.6da9cf77cb070be7b1c8effd8329f28f.jpg,416,416,container,191,202,208,242
1189_jpg.rf.6da9cf77cb070be7b1c8effd8329f28f.jpg,416,416,truck,256,233,299,299
1189_jpg.rf.6da9cf77cb070be7b1c8effd8329f28f.jpg,416,416,truck,333,238,372,272
1189_jpg.rf.6da9cf77cb070be7b1c8effd8329f28f.jpg,416,416,truck,241,206,251,221
1189_jpg.rf.6da9cf77cb070be7b1c8effd8329f28f.jpg,416,416,bus,222,204,232,220
1189_jpg.rf.6da9cf77cb070be7b1c8effd8329f28f.jpg,416,416,truck,210,203,220,216
1189_jpg.rf.6da9cf77cb070be7b1c8effd8329f28f.jpg,416,416,truck,254,192,263,203
1189_jpg.rf.6da9cf77cb070be7b1c8effd8329f28f.jpg,416,416,container,275,188,304,201
1189_jpg.rf.6da9cf77cb070be7b1c8effd8329f28f.jpg,416,416,car,43,250,74,275
00017820_jpg.rf.76c496502213b8f85183c83e19edf8eb.jpg,416,416,truck,39,97,366,341
00000595_jpg.rf.7895ec6cdb5187380bcf9de712fa6277.jpg,416,416,car,95,57,373,397
00000372_jpg.rf.70a645f28506334c8872152ad6a85d50.jpg,416,416,car,70,73,412,410
00000222_jpg.rf.6fbb50869fa93dbf4a2fd0f5b7d2f882.jpg,416,416,car,34,30,380,413
1060_jpg.rf.7436b75fb44bc24efe72c8dd9a57af55.jpg,416,416,motorbike,122,191,126,200
1060_jpg.rf.7436b75fb44bc24efe72c8dd9a57af55.jpg,416,416,container,193,174,211,218
1060_jpg.rf.7436b75fb44bc24efe72c8dd9a57af55.jpg,416,416,container,393,211,416,260
1060_jpg.rf.7436b75fb44bc24efe72c8dd9a57af55.jpg,416,416,truck,340,202,371,227
00453062_jpg.rf.768ac22e34f974efe5903f5e6c2a9de1.jpg,416,416,container,53,97,355,347
1149_jpg.rf.781c6a6bb29b4b788ece874a61b75154.jpg,416,416,bus,53,302,138,416
1149_jpg.rf.781c6a6bb29b4b788ece874a61b75154.jpg,416,416,car,149,356,200,416
1149_jpg.rf.781c6a6bb29b4b788ece874a61b75154.jpg,416,416,truck,231,284,297,415
1149_jpg.rf.781c6a6bb29b4b788ece874a61b75154.jpg,416,416,container,297,250,415,415
1149_jpg.rf.781c6a6bb29b4b788ece874a61b75154.jpg,416,416,car,184,259,203,288
1149_jpg.rf.781c6a6bb29b4b788ece874a61b75154.jpg,416,416,car,146,253,166,283
1149_jpg.rf.781c6a6bb29b4b788ece874a61b75154.jpg,416,416,car,170,233,181,251
1149_jpg.rf.781c6a6bb29b4b788ece874a61b75154.jpg,416,416,car,197,228,208,245
1149_jpg.rf.781c6a6bb29b4b788ece874a61b75154.jpg,416,416,car,188,222,193,230
1149_jpg.rf.781c6a6bb29b4b788ece874a61b75154.jpg,416,416,truck,184,205,196,223
1149_jpg.rf.781c6a6bb29b4b788ece874a61b75154.jpg,416,416,truck,255,248,280,288
1149_jpg.rf.781c6a6bb29b4b788ece874a61b75154.jpg,416,416,truck,244,219,269,252
1149_jpg.rf.781c6a6bb29b4b788ece874a61b75154.jpg,416,416,bus,218,206,233,240
1149_jpg.rf.781c6a6bb29b4b788ece874a61b75154.jpg,416,416,bus,239,205,267,222
1149_jpg.rf.781c6a6bb29b4b788ece874a61b75154.jpg,416,416,truck,273,204,290,222
1149_jpg.rf.781c6a6bb29b4b788ece874a61b75154.jpg,416,416,container,228,193,242,209
1149_jpg.rf.781c6a6bb29b4b788ece874a61b75154.jpg,416,416,container,265,186,290,201
1149_jpg.rf.781c6a6bb29b4b788ece874a61b75154.jpg,416,416,container,245,193,256,205
1149_jpg.rf.781c6a6bb29b4b788ece874a61b75154.jpg,416,416,container,192,189,200,204
00009332_jpg.rf.7ecac121e21e29a031c47c54dc8455ac.jpg,416,416,truck,53,88,299,312
1121_jpg.rf.7f91b9d8650ae79af2c41102cdcfad05.jpg,416,416,car,111,315,154,365
1121_jpg.rf.7f91b9d8650ae79af2c41102cdcfad05.jpg,416,416,container,192,220,215,280
1121_jpg.rf.7f91b9d8650ae79af2c41102cdcfad05.jpg,416,416,truck,142,236,170,286
1121_jpg.rf.7f91b9d8650ae79af2c41102cdcfad05.jpg,416,416,car,172,233,182,255
1121_jpg.rf.7f91b9d8650ae79af2c41102cdcfad05.jpg,416,416,bus,338,237,415,320
1121_jpg.rf.7f91b9d8650ae79af2c41102cdcfad05.jpg,416,416,container,248,206,289,278
1121_jpg.rf.7f91b9d8650ae79af2c41102cdcfad05.jpg,416,416,bus,230,282,319,416
1121_jpg.rf.7f91b9d8650ae79af2c41102cdcfad05.jpg,416,416,container,221,197,239,243
1121_jpg.rf.7f91b9d8650ae79af2c41102cdcfad05.jpg,416,416,container,179,195,196,224
1121_jpg.rf.7f91b9d8650ae79af2c41102cdcfad05.jpg,416,416,container,197,200,213,219
1121_jpg.rf.7f91b9d8650ae79af2c41102cdcfad05.jpg,416,416,container,240,190,251,213
1121_jpg.rf.7f91b9d8650ae79af2c41102cdcfad05.jpg,416,416,truck,290,184,314,194
1121_jpg.rf.7f91b9d8650ae79af2c41102cdcfad05.jpg,416,416,container,324,180,359,194
1121_jpg.rf.7f91b9d8650ae79af2c41102cdcfad05.jpg,416,416,truck,341,339,416,415
00000291_jpg.rf.6be701893b4a43fe724bb03c26b8b9b3.jpg,416,416,car,41,95,409,327
00000332_jpg.rf.7e4318fed8f8f2dd84ca43e29661ae4e.jpg,416,416,car,73,101,393,345
00297191---Copy_jpg.rf.79095652306d84dbc38b4fb680c4aeff.jpg,416,416,container,4,40,383,392
00019140---Copy_jpg.rf.74386d58f163aa4801f6869f99b4b709.jpg,416,416,truck,42,87,362,357
4024_jpg.rf.7e1b923a6fa368177ea954f25faecdfb.jpg,416,416,bus,119,167,208,320
4024_jpg.rf.7e1b923a6fa368177ea954f25faecdfb.jpg,416,416,bus,163,92,196,160
4024_jpg.rf.7e1b923a6fa368177ea954f25faecdfb.jpg,416,416,bus,194,55,211,88
4024_jpg.rf.7e1b923a6fa368177ea954f25faecdfb.jpg,416,416,bus,45,63,64,91
4024_jpg.rf.7e1b923a6fa368177ea954f25faecdfb.jpg,416,416,truck,217,66,239,91
00019144_jpg.rf.7c28739cccd8ca1f201c829ba825bce4.jpg,416,416,truck,24,41,333,330
1003_jpg.rf.7ff07de04617bd891392a27ec5dcd1bd.jpg,416,416,truck,200,227,231,290
1003_jpg.rf.7ff07de04617bd891392a27ec5dcd1bd.jpg,416,416,motorbike,106,213,113,228
1003_jpg.rf.7ff07de04617bd891392a27ec5dcd1bd.jpg,416,416,motorbike,144,200,147,207
1003_jpg.rf.7ff07de04617bd891392a27ec5dcd1bd.jpg,416,416,motorbike,147,195,151,203
1003_jpg.rf.7ff07de04617bd891392a27ec5dcd1bd.jpg,416,416,motorbike,192,178,196,183
1003_jpg.rf.7ff07de04617bd891392a27ec5dcd1bd.jpg,416,416,container,215,173,227,191
00440612_jpg.rf.7f31e4652cbfaabc6e860d48e4cabad4.jpg,416,416,bus,4,21,376,414
00000011_jpg.rf.83f5bec0f829c2ecc3a70d6c5e4dae37.jpg,416,416,car,38,87,360,343
00000164_jpg.rf.8376035ea1d7c32e89e3811575e63d08.jpg,416,416,car,62,101,382,326
00000418_jpg.rf.83fc60310e757dcb7acaaa6714da4ea5.jpg,416,416,car,13,54,412,398
4060_jpg.rf.8269f3a63c8be92fef2d1900dbb97e45.jpg,416,416,bus,65,33,265,376
1111_jpg.rf.808415601afd1a000a7a5d66ae2fe56b.jpg,416,416,truck,129,252,163,307
1111_jpg.rf.808415601afd1a000a7a5d66ae2fe56b.jpg,416,416,car,169,234,181,245
1111_jpg.rf.808415601afd1a000a7a5d66ae2fe56b.jpg,416,416,truck,334,241,372,275
1111_jpg.rf.808415601afd1a000a7a5d66ae2fe56b.jpg,416,416,truck,214,252,256,333
1111_jpg.rf.808415601afd1a000a7a5d66ae2fe56b.jpg,416,416,truck,268,311,397,415
1111_jpg.rf.808415601afd1a000a7a5d66ae2fe56b.jpg,416,416,truck,271,209,291,228
1111_jpg.rf.808415601afd1a000a7a5d66ae2fe56b.jpg,416,416,car,181,217,187,229
1111_jpg.rf.808415601afd1a000a7a5d66ae2fe56b.jpg,416,416,container,187,207,207,261
1111_jpg.rf.808415601afd1a000a7a5d66ae2fe56b.jpg,416,416,container,219,205,238,251
1111_jpg.rf.808415601afd1a000a7a5d66ae2fe56b.jpg,416,416,container,237,201,249,228
1111_jpg.rf.808415601afd1a000a7a5d66ae2fe56b.jpg,416,416,container,315,190,346,201
00000017_jpg.rf.852fe58f677b8fe49d2bbbd097d3beb6.jpg,416,416,car,10,54,414,362
1053_jpg.rf.84679e5035c2d1e8f422afc043205fde.jpg,416,416,truck,178,239,210,310
1053_jpg.rf.84679e5035c2d1e8f422afc043205fde.jpg,416,416,container,252,215,314,307
1053_jpg.rf.84679e5035c2d1e8f422afc043205fde.jpg,416,416,container,219,184,227,209
1053_jpg.rf.84679e5035c2d1e8f422afc043205fde.jpg,416,416,container,239,195,261,234
1053_jpg.rf.84679e5035c2d1e8f422afc043205fde.jpg,416,416,truck,191,191,199,207
1053_jpg.rf.84679e5035c2d1e8f422afc043205fde.jpg,416,416,truck,203,194,212,214
1053_jpg.rf.84679e5035c2d1e8f422afc043205fde.jpg,416,416,truck,274,201,291,219
1053_jpg.rf.84679e5035c2d1e8f422afc043205fde.jpg,416,416,container,287,181,310,195
1053_jpg.rf.84679e5035c2d1e8f422afc043205fde.jpg,416,416,container,335,179,371,193
1158_jpg.rf.86a08e203c51688115258c9c78198635.jpg,416,416,car,160,371,205,415
1158_jpg.rf.86a08e203c51688115258c9c78198635.jpg,416,416,truck,179,228,209,296
1158_jpg.rf.86a08e203c51688115258c9c78198635.jpg,416,416,truck,227,252,261,314
1158_jpg.rf.86a08e203c51688115258c9c78198635.jpg,416,416,truck,256,221,293,272
1158_jpg.rf.86a08e203c51688115258c9c78198635.jpg,416,416,truck,339,235,376,272
1158_jpg.rf.86a08e203c51688115258c9c78198635.jpg,416,416,truck,248,200,256,210
1158_jpg.rf.86a08e203c51688115258c9c78198635.jpg,416,416,container,296,188,327,200
1158_jpg.rf.86a08e203c51688115258c9c78198635.jpg,416,416,container,216,195,237,222
1158_jpg.rf.86a08e203c51688115258c9c78198635.jpg,416,416,truck,219,230,233,256
1158_jpg.rf.86a08e203c51688115258c9c78198635.jpg,416,416,container,1,232,82,293
1091_jpg.rf.87a095bab7a142c56f9346636e7da1f2.jpg,416,416,truck,137,274,214,416
1091_jpg.rf.87a095bab7a142c56f9346636e7da1f2.jpg,416,416,container,223,216,260,315
1091_jpg.rf.87a095bab7a142c56f9346636e7da1f2.jpg,416,416,container,262,207,336,316
1091_jpg.rf.87a095bab7a142c56f9346636e7da1f2.jpg,416,416,container,322,305,416,416
1091_jpg.rf.87a095bab7a142c56f9346636e7da1f2.jpg,416,416,car,187,203,198,216
1091_jpg.rf.87a095bab7a142c56f9346636e7da1f2.jpg,416,416,truck,202,200,218,228
1091_jpg.rf.87a095bab7a142c56f9346636e7da1f2.jpg,416,416,truck,248,192,266,220
1091_jpg.rf.87a095bab7a142c56f9346636e7da1f2.jpg,416,416,truck,219,187,228,206
1091_jpg.rf.87a095bab7a142c56f9346636e7da1f2.jpg,416,416,truck,231,187,239,204
1091_jpg.rf.87a095bab7a142c56f9346636e7da1f2.jpg,416,416,container,270,176,292,188
1091_jpg.rf.87a095bab7a142c56f9346636e7da1f2.jpg,416,416,truck,200,186,205,197
00000459_jpg.rf.79b7f4764f0d95608ff7793a10775b92.jpg,416,416,car,109,73,389,354
00000579_jpg.rf.7fac8e3ffd0f7027aeaa94662a23219c.jpg,416,416,car,61,111,363,319
4110_jpg.rf.89eac653fb613e4b2375e5f21d3741c0.jpg,416,416,bus,130,68,240,324
4110_jpg.rf.89eac653fb613e4b2375e5f21d3741c0.jpg,416,416,bus,243,11,271,72
00439839_jpg.rf.891d5e0c6d873c382f1cba39668e6ff0.jpg,416,416,bus,87,94,314,323
1022_jpg.rf.88b21d2a3cdaccc8c2447f82e9241fb4.jpg,416,416,truck,234,222,261,271
1022_jpg.rf.88b21d2a3cdaccc8c2447f82e9241fb4.jpg,416,416,motorbike,85,243,94,262
1022_jpg.rf.88b21d2a3cdaccc8c2447f82e9241fb4.jpg,416,416,car,121,217,140,237
1022_jpg.rf.88b21d2a3cdaccc8c2447f82e9241fb4.jpg,416,416,container,208,186,217,201
1022_jpg.rf.88b21d2a3cdaccc8c2447f82e9241fb4.jpg,416,416,container,312,206,415,343
00012618_jpg.rf.9121e27a170a52d456134d96dfeaeff8.jpg,416,416,truck,30,28,383,374
00000504_jpg.rf.891789b0da2db24606c30f8dd530b5ca.jpg,416,416,car,33,108,414,398
00000279_jpg.rf.8444656e7a3518103234cd829728a2ed.jpg,416,416,car,55,10,361,322
00000473_jpg.rf.84bbfc6175fe0fe8acff55bd6b09c28f.jpg,416,416,car,35,67,352,377
00000217_jpg.rf.931a49c9ddef2b7137104798b4988651.jpg,416,416,car,36,65,374,328
00000274_jpg.rf.943969b9934bab15f9fb302b14995d21.jpg,416,416,car,24,43,362,330
1024_jpg.rf.92d3072fbd24eba3a6ad240a16b716ce.jpg,416,416,car,150,209,158,224
1024_jpg.rf.92d3072fbd24eba3a6ad240a16b716ce.jpg,416,416,motorbike,124,226,128,237
1024_jpg.rf.92d3072fbd24eba3a6ad240a16b716ce.jpg,416,416,truck,227,207,242,236
1024_jpg.rf.92d3072fbd24eba3a6ad240a16b716ce.jpg,416,416,container,209,187,216,202
1024_jpg.rf.92d3072fbd24eba3a6ad240a16b716ce.jpg,416,416,truck,374,218,416,280
4146_jpg.rf.88b81506eab6aabecbfe8341b5d62a89.jpg,416,416,bus,41,208,160,380
4146_jpg.rf.88b81506eab6aabecbfe8341b5d62a89.jpg,416,416,bus,136,190,206,307
4146_jpg.rf.88b81506eab6aabecbfe8341b5d62a89.jpg,416,416,bus,274,192,337,325
4146_jpg.rf.88b81506eab6aabecbfe8341b5d62a89.jpg,416,416,bus,172,162,226,241
4146_jpg.rf.88b81506eab6aabecbfe8341b5d62a89.jpg,416,416,car,57,174,86,205
4146_jpg.rf.88b81506eab6aabecbfe8341b5d62a89.jpg,416,416,car,89,172,112,205
4146_jpg.rf.88b81506eab6aabecbfe8341b5d62a89.jpg,416,416,car,110,183,131,212
4146_jpg.rf.88b81506eab6aabecbfe8341b5d62a89.jpg,416,416,car,365,181,403,241
4146_jpg.rf.88b81506eab6aabecbfe8341b5d62a89.jpg,416,416,car,401,181,413,214
4146_jpg.rf.88b81506eab6aabecbfe8341b5d62a89.jpg,416,416,car,345,164,367,208
4146_jpg.rf.88b81506eab6aabecbfe8341b5d62a89.jpg,416,416,car,340,142,357,168
4146_jpg.rf.88b81506eab6aabecbfe8341b5d62a89.jpg,416,416,car,396,160,414,188
4146_jpg.rf.88b81506eab6aabecbfe8341b5d62a89.jpg,416,416,car,120,148,144,175
4146_jpg.rf.88b81506eab6aabecbfe8341b5d62a89.jpg,416,416,car,70,152,91,170
4146_jpg.rf.88b81506eab6aabecbfe8341b5d62a89.jpg,416,416,truck,28,162,58,197
4146_jpg.rf.88b81506eab6aabecbfe8341b5d62a89.jpg,416,416,car,95,150,114,172
4146_jpg.rf.88b81506eab6aabecbfe8341b5d62a89.jpg,416,416,car,149,137,165,157
4146_jpg.rf.88b81506eab6aabecbfe8341b5d62a89.jpg,416,416,truck,183,124,203,153
4146_jpg.rf.88b81506eab6aabecbfe8341b5d62a89.jpg,416,416,truck,207,122,227,155
4146_jpg.rf.88b81506eab6aabecbfe8341b5d62a89.jpg,416,416,car,230,117,250,148
4146_jpg.rf.88b81506eab6aabecbfe8341b5d62a89.jpg,416,416,car,251,113,263,135
4146_jpg.rf.88b81506eab6aabecbfe8341b5d62a89.jpg,416,416,car,262,104,278,120
4146_jpg.rf.88b81506eab6aabecbfe8341b5d62a89.jpg,416,416,bus,283,82,302,115
4146_jpg.rf.88b81506eab6aabecbfe8341b5d62a89.jpg,416,416,car,361,143,373,165
4146_jpg.rf.88b81506eab6aabecbfe8341b5d62a89.jpg,416,416,car,375,148,383,168
4146_jpg.rf.88b81506eab6aabecbfe8341b5d62a89.jpg,416,416,car,368,128,382,142
4146_jpg.rf.88b81506eab6aabecbfe8341b5d62a89.jpg,416,416,car,386,121,399,143
4146_jpg.rf.88b81506eab6aabecbfe8341b5d62a89.jpg,416,416,car,347,106,360,119
4146_jpg.rf.88b81506eab6aabecbfe8341b5d62a89.jpg,416,416,car,253,102,262,117
4146_jpg.rf.88b81506eab6aabecbfe8341b5d62a89.jpg,416,416,car,239,102,252,117
4146_jpg.rf.88b81506eab6aabecbfe8341b5d62a89.jpg,416,416,car,227,97,238,113
4146_jpg.rf.88b81506eab6aabecbfe8341b5d62a89.jpg,416,416,car,196,106,210,120
4146_jpg.rf.88b81506eab6aabecbfe8341b5d62a89.jpg,416,416,car,215,108,227,117
4146_jpg.rf.88b81506eab6aabecbfe8341b5d62a89.jpg,416,416,car,219,97,225,111
4146_jpg.rf.88b81506eab6aabecbfe8341b5d62a89.jpg,416,416,car,250,90,258,101
4146_jpg.rf.88b81506eab6aabecbfe8341b5d62a89.jpg,416,416,car,243,87,251,95
4146_jpg.rf.88b81506eab6aabecbfe8341b5d62a89.jpg,416,416,car,270,90,278,99
4146_jpg.rf.88b81506eab6aabecbfe8341b5d62a89.jpg,416,416,car,330,139,338,162
4146_jpg.rf.88b81506eab6aabecbfe8341b5d62a89.jpg,416,416,car,341,82,347,91
4146_jpg.rf.88b81506eab6aabecbfe8341b5d62a89.jpg,416,416,car,366,115,377,126
4146_jpg.rf.88b81506eab6aabecbfe8341b5d62a89.jpg,416,416,car,375,92,382,101
4146_jpg.rf.88b81506eab6aabecbfe8341b5d62a89.jpg,416,416,car,336,71,344,80
4026_jpg.rf.8f8daf8c5971a24b35ab5bdde15c8e9a.jpg,416,416,truck,141,124,272,310
4026_jpg.rf.8f8daf8c5971a24b35ab5bdde15c8e9a.jpg,416,416,car,2,224,31,305
4026_jpg.rf.8f8daf8c5971a24b35ab5bdde15c8e9a.jpg,416,416,car,117,97,156,131
4026_jpg.rf.8f8daf8c5971a24b35ab5bdde15c8e9a.jpg,416,416,car,263,104,291,146
4026_jpg.rf.8f8daf8c5971a24b35ab5bdde15c8e9a.jpg,416,416,car,180,108,225,148
4026_jpg.rf.8f8daf8c5971a24b35ab5bdde15c8e9a.jpg,416,416,car,262,66,296,110
4026_jpg.rf.8f8daf8c5971a24b35ab5bdde15c8e9a.jpg,416,416,car,385,49,403,73
4026_jpg.rf.8f8daf8c5971a24b35ab5bdde15c8e9a.jpg,416,416,car,375,24,394,51
4026_jpg.rf.8f8daf8c5971a24b35ab5bdde15c8e9a.jpg,416,416,car,228,53,252,77
4026_jpg.rf.8f8daf8c5971a24b35ab5bdde15c8e9a.jpg,416,416,car,291,30,309,48
4026_jpg.rf.8f8daf8c5971a24b35ab5bdde15c8e9a.jpg,416,416,car,301,13,317,33
4026_jpg.rf.8f8daf8c5971a24b35ab5bdde15c8e9a.jpg,416,416,car,233,38,257,53
00018483_jpg.rf.912fc3714a3766afe273f9b015365f07.jpg,416,416,truck,48,58,404,343
4103_jpg.rf.94dcc9fe8a5dfb05a8c4886c165f5a73.jpg,416,416,bus,163,99,211,227
4103_jpg.rf.94dcc9fe8a5dfb05a8c4886c165f5a73.jpg,416,416,car,360,167,398,212
4103_jpg.rf.94dcc9fe8a5dfb05a8c4886c165f5a73.jpg,416,416,car,337,142,369,180
4103_jpg.rf.94dcc9fe8a5dfb05a8c4886c165f5a73.jpg,416,416,car,317,129,345,155
4103_jpg.rf.94dcc9fe8a5dfb05a8c4886c165f5a73.jpg,416,416,car,308,118,320,140
4103_jpg.rf.94dcc9fe8a5dfb05a8c4886c165f5a73.jpg,416,416,car,295,109,313,127
4103_jpg.rf.94dcc9fe8a5dfb05a8c4886c165f5a73.jpg,416,416,car,282,95,303,113
4103_jpg.rf.94dcc9fe8a5dfb05a8c4886c165f5a73.jpg,416,416,car,244,85,256,99
4103_jpg.rf.94dcc9fe8a5dfb05a8c4886c165f5a73.jpg,416,416,car,274,90,285,101
4103_jpg.rf.94dcc9fe8a5dfb05a8c4886c165f5a73.jpg,416,416,car,267,81,273,92
4103_jpg.rf.94dcc9fe8a5dfb05a8c4886c165f5a73.jpg,416,416,car,258,73,266,81
4103_jpg.rf.94dcc9fe8a5dfb05a8c4886c165f5a73.jpg,416,416,car,108,120,135,154
4103_jpg.rf.94dcc9fe8a5dfb05a8c4886c165f5a73.jpg,416,416,car,138,113,153,130
4103_jpg.rf.94dcc9fe8a5dfb05a8c4886c165f5a73.jpg,416,416,car,143,101,164,115
4103_jpg.rf.94dcc9fe8a5dfb05a8c4886c165f5a73.jpg,416,416,car,157,94,169,108
4103_jpg.rf.94dcc9fe8a5dfb05a8c4886c165f5a73.jpg,416,416,car,167,85,180,99
4103_jpg.rf.94dcc9fe8a5dfb05a8c4886c165f5a73.jpg,416,416,car,176,78,185,88
00000335_jpg.rf.8dfbdc17539de00a0ee950b0452834c0.jpg,416,416,car,3,135,383,413
2012_jpg.rf.967e7cb0f9fa708da2e04b2f1530173e.jpg,416,416,car,211,362,269,415
2012_jpg.rf.967e7cb0f9fa708da2e04b2f1530173e.jpg,416,416,car,89,278,105,314
2012_jpg.rf.967e7cb0f9fa708da2e04b2f1530173e.jpg,416,416,container,118,224,164,415
2012_jpg.rf.967e7cb0f9fa708da2e04b2f1530173e.jpg,416,416,container,173,184,197,253
2012_jpg.rf.967e7cb0f9fa708da2e04b2f1530173e.jpg,416,416,container,198,177,223,242
2012_jpg.rf.967e7cb0f9fa708da2e04b2f1530173e.jpg,416,416,container,236,160,266,177
2012_jpg.rf.967e7cb0f9fa708da2e04b2f1530173e.jpg,416,416,truck,140,187,149,201
2012_jpg.rf.967e7cb0f9fa708da2e04b2f1530173e.jpg,416,416,car,139,204,153,221
2012_jpg.rf.967e7cb0f9fa708da2e04b2f1530173e.jpg,416,416,bus,1,226,44,290
2012_jpg.rf.967e7cb0f9fa708da2e04b2f1530173e.jpg,416,416,car,148,179,156,189
00015843_jpg.rf.98dd96f1f37f093e80e4503356e73f5a.jpg,416,416,truck,36,19,375,329
00000134_jpg.rf.967b06e9878d2e566da08eeffdc889ed.jpg,416,416,car,27,90,381,332
00000041_jpg.rf.982bacf0b5c3d1752aa116cd5c00aac4.jpg,416,416,car,24,79,374,414
00008961_jpg.rf.92e5e750430d1794e611ee604754e4f7.jpg,416,416,truck,3,67,389,392
00000100_jpg.rf.9cd6ebf55ba583f016d8ca7766ab57fd.jpg,416,416,car,56,66,412,401
00456145_jpg.rf.9eeb9929820499dc7c7a264c3eaf13ea.jpg,416,416,container,63,112,361,329
00020929_jpg.rf.9ed3929b9262e1c19fb14c0452a4050c.jpg,416,416,truck,56,72,411,356
1095_jpg.rf.9c480e49a0133bb5eccb8c922442df16.jpg,416,416,truck,168,251,216,376
1095_jpg.rf.9c480e49a0133bb5eccb8c922442df16.jpg,416,416,car,131,274,164,312
1095_jpg.rf.9c480e49a0133bb5eccb8c922442df16.jpg,416,416,container,284,238,416,416
1095_jpg.rf.9c480e49a0133bb5eccb8c922442df16.jpg,416,416,truck,259,212,292,259
1095_jpg.rf.9c480e49a0133bb5eccb8c922442df16.jpg,416,416,truck,284,198,300,217
1095_jpg.rf.9c480e49a0133bb5eccb8c922442df16.jpg,416,416,truck,186,205,199,224
1095_jpg.rf.9c480e49a0133bb5eccb8c922442df16.jpg,416,416,truck,224,202,240,227
1095_jpg.rf.9c480e49a0133bb5eccb8c922442df16.jpg,416,416,car,209,210,217,219
1095_jpg.rf.9c480e49a0133bb5eccb8c922442df16.jpg,416,416,car,199,200,203,210
1095_jpg.rf.9c480e49a0133bb5eccb8c922442df16.jpg,416,416,car,213,200,219,210
1095_jpg.rf.9c480e49a0133bb5eccb8c922442df16.jpg,416,416,container,250,189,259,212
1095_jpg.rf.9c480e49a0133bb5eccb8c922442df16.jpg,416,416,container,257,184,269,201
1095_jpg.rf.9c480e49a0133bb5eccb8c922442df16.jpg,416,416,container,332,181,363,191
1095_jpg.rf.9c480e49a0133bb5eccb8c922442df16.jpg,416,416,truck,282,185,292,194
4074_jpg.rf.9a5fad0f2e88544fbfab7de0043bcb5a.jpg,416,416,bus,50,61,366,315
4179_jpg.rf.97c39fc5cade84f5bc9ed99c80bf33b6.jpg,416,416,car,43,106,140,183
4179_jpg.rf.97c39fc5cade84f5bc9ed99c80bf33b6.jpg,416,416,bus,142,41,274,358
00000302_jpg.rf.a0bd09533a5e847226d2beeded28f2e5.jpg,416,416,car,82,108,407,380
00000608_jpg.rf.993bfc1618d4e71937dcd87ff4ccb275.jpg,416,416,car,27,88,343,364
4090_jpg.rf.a517c06ae407abda98d9e7c5e5793379.jpg,416,416,bus,155,98,280,244
4090_jpg.rf.a517c06ae407abda98d9e7c5e5793379.jpg,416,416,truck,315,109,348,149
4090_jpg.rf.a517c06ae407abda98d9e7c5e5793379.jpg,416,416,car,361,299,415,409
4090_jpg.rf.a517c06ae407abda98d9e7c5e5793379.jpg,416,416,car,375,220,415,311
4090_jpg.rf.a517c06ae407abda98d9e7c5e5793379.jpg,416,416,car,388,192,415,229
4090_jpg.rf.a517c06ae407abda98d9e7c5e5793379.jpg,416,416,car,374,156,408,211
4090_jpg.rf.a517c06ae407abda98d9e7c5e5793379.jpg,416,416,car,383,140,415,169
4090_jpg.rf.a517c06ae407abda98d9e7c5e5793379.jpg,416,416,truck,11,86,85,174
4090_jpg.rf.a517c06ae407abda98d9e7c5e5793379.jpg,416,416,car,338,81,359,106
4090_jpg.rf.a517c06ae407abda98d9e7c5e5793379.jpg,416,416,car,383,88,408,115
4090_jpg.rf.a517c06ae407abda98d9e7c5e5793379.jpg,416,416,car,382,73,399,96
4090_jpg.rf.a517c06ae407abda98d9e7c5e5793379.jpg,416,416,car,345,62,363,83
4090_jpg.rf.a517c06ae407abda98d9e7c5e5793379.jpg,416,416,car,374,60,393,73
4090_jpg.rf.a517c06ae407abda98d9e7c5e5793379.jpg,416,416,truck,321,23,342,55
4090_jpg.rf.a517c06ae407abda98d9e7c5e5793379.jpg,416,416,truck,349,39,363,55
4090_jpg.rf.a517c06ae407abda98d9e7c5e5793379.jpg,416,416,car,366,39,380,55
00000226_jpg.rf.b2313b161b69053a9955cc1d340f4575.jpg,416,416,car,43,54,384,385
00008995_jpg.rf.959f1e469090ee8218b37936ab44ceca.jpg,416,416,truck,49,52,378,320
00017699_jpg.rf.9d033ecb79cc67105b32d3db312bdf05.jpg,416,416,truck,30,56,408,362
00000578_jpg.rf.a0da5bf9d17f3aba51ba85d9617a2f28.jpg,416,416,car,24,95,359,353
4032_jpg.rf.a0bb0ad6ef9866082aa0abb515994b2b.jpg,416,416,bus,31,188,128,336
4032_jpg.rf.a0bb0ad6ef9866082aa0abb515994b2b.jpg,416,416,bus,165,190,272,338
4032_jpg.rf.a0bb0ad6ef9866082aa0abb515994b2b.jpg,416,416,car,304,265,360,312
4032_jpg.rf.a0bb0ad6ef9866082aa0abb515994b2b.jpg,416,416,car,271,251,311,299
4032_jpg.rf.a0bb0ad6ef9866082aa0abb515994b2b.jpg,416,416,car,126,251,161,299
00011269_jpg.rf.b674e1c782d34cbf216e035e75bf7843.jpg,416,416,truck,6,43,382,381
4012_jpg.rf.a0ace72149d924e829684d34cc4e61bb.jpg,416,416,bus,170,89,305,314
4012_jpg.rf.a0ace72149d924e829684d34cc4e61bb.jpg,416,416,car,26,180,69,261
4012_jpg.rf.a0ace72149d924e829684d34cc4e61bb.jpg,416,416,car,324,190,363,221
00000140_jpg.rf.a8011afc8de02229dbb4b1bb3a7e14ff.jpg,416,416,car,65,91,378,331
00000122_jpg.rf.a845ae4a2a4f87ee195a5bd5e4d9f514.jpg,416,416,car,45,124,390,332
1162_jpg.rf.ae7f8dbc2be4b0c2f6ff574971f8be53.jpg,416,416,container,204,208,241,291
1162_jpg.rf.ae7f8dbc2be4b0c2f6ff574971f8be53.jpg,416,416,truck,238,208,251,233
1162_jpg.rf.ae7f8dbc2be4b0c2f6ff574971f8be53.jpg,416,416,truck,308,325,373,416
1162_jpg.rf.ae7f8dbc2be4b0c2f6ff574971f8be53.jpg,416,416,truck,332,232,370,270
1162_jpg.rf.ae7f8dbc2be4b0c2f6ff574971f8be53.jpg,416,416,bus,189,184,197,200
1162_jpg.rf.ae7f8dbc2be4b0c2f6ff574971f8be53.jpg,416,416,container,212,190,234,206
1162_jpg.rf.ae7f8dbc2be4b0c2f6ff574971f8be53.jpg,416,416,truck,269,186,283,197
00000168_jpg.rf.b5c3d973aba0e7d74d0284a0a53a6d60.jpg,416,416,car,9,41,408,399
00000126_jpg.rf.b512daa2fb440dd9f276ded316457233.jpg,416,416,car,83,113,394,321
00000387_jpg.rf.990c39d43542e47fe2acacdc901829b4.jpg,416,416,car,43,98,355,360
00439836_jpg.rf.af5d6af805a39bad63a276f49ceb32a6.jpg,416,416,bus,5,49,285,372
00296433---Copy_jpg.rf.be55483297f0a7d16a1a34db0ef9e3db.jpg,416,416,container,32,70,386,382
0011_jpg.rf.b2e7a9423fe46529d3df512edd37312b.jpg,416,416,car,30,291,74,380
0011_jpg.rf.b2e7a9423fe46529d3df512edd37312b.jpg,416,416,car,232,319,292,410
0011_jpg.rf.b2e7a9423fe46529d3df512edd37312b.jpg,416,416,car,112,280,157,343
0011_jpg.rf.b2e7a9423fe46529d3df512edd37312b.jpg,416,416,car,81,197,114,261
0011_jpg.rf.b2e7a9423fe46529d3df512edd37312b.jpg,416,416,car,64,165,87,201
0011_jpg.rf.b2e7a9423fe46529d3df512edd37312b.jpg,416,416,car,23,158,51,203
0011_jpg.rf.b2e7a9423fe46529d3df512edd37312b.jpg,416,416,car,25,132,47,161
0011_jpg.rf.b2e7a9423fe46529d3df512edd37312b.jpg,416,416,car,120,169,146,212
0011_jpg.rf.b2e7a9423fe46529d3df512edd37312b.jpg,416,416,car,146,190,172,229
0011_jpg.rf.b2e7a9423fe46529d3df512edd37312b.jpg,416,416,car,224,219,259,276
0011_jpg.rf.b2e7a9423fe46529d3df512edd37312b.jpg,416,416,car,278,204,308,250
0011_jpg.rf.b2e7a9423fe46529d3df512edd37312b.jpg,416,416,car,320,184,349,233
0011_jpg.rf.b2e7a9423fe46529d3df512edd37312b.jpg,416,416,car,342,219,375,270
0011_jpg.rf.b2e7a9423fe46529d3df512edd37312b.jpg,416,416,car,372,254,415,327
0011_jpg.rf.b2e7a9423fe46529d3df512edd37312b.jpg,416,416,car,321,302,385,415
0011_jpg.rf.b2e7a9423fe46529d3df512edd37312b.jpg,416,416,car,54,133,74,161
0011_jpg.rf.b2e7a9423fe46529d3df512edd37312b.jpg,416,416,car,124,135,145,162
0011_jpg.rf.b2e7a9423fe46529d3df512edd37312b.jpg,416,416,car,168,140,187,171
0011_jpg.rf.b2e7a9423fe46529d3df512edd37312b.jpg,416,416,car,217,172,244,212
0011_jpg.rf.b2e7a9423fe46529d3df512edd37312b.jpg,416,416,car,265,157,291,194
0011_jpg.rf.b2e7a9423fe46529d3df512edd37312b.jpg,416,416,car,74,121,89,146
0011_jpg.rf.b2e7a9423fe46529d3df512edd37312b.jpg,416,416,car,115,107,131,130
0011_jpg.rf.b2e7a9423fe46529d3df512edd37312b.jpg,416,416,car,49,115,68,139
0011_jpg.rf.b2e7a9423fe46529d3df512edd37312b.jpg,416,416,car,70,96,84,119
0011_jpg.rf.b2e7a9423fe46529d3df512edd37312b.jpg,416,416,car,88,97,107,130
0011_jpg.rf.b2e7a9423fe46529d3df512edd37312b.jpg,416,416,car,140,113,157,138
0011_jpg.rf.b2e7a9423fe46529d3df512edd37312b.jpg,416,416,car,153,94,167,115
0011_jpg.rf.b2e7a9423fe46529d3df512edd37312b.jpg,416,416,car,172,101,190,126
0011_jpg.rf.b2e7a9423fe46529d3df512edd37312b.jpg,416,416,car,109,68,118,83
0011_jpg.rf.b2e7a9423fe46529d3df512edd37312b.jpg,416,416,car,123,74,133,90
0011_jpg.rf.b2e7a9423fe46529d3df512edd37312b.jpg,416,416,car,131,88,143,109
0011_jpg.rf.b2e7a9423fe46529d3df512edd37312b.jpg,416,416,car,184,75,194,100
0011_jpg.rf.b2e7a9423fe46529d3df512edd37312b.jpg,416,416,car,145,73,155,86
0011_jpg.rf.b2e7a9423fe46529d3df512edd37312b.jpg,416,416,car,228,148,246,172
0011_jpg.rf.b2e7a9423fe46529d3df512edd37312b.jpg,416,416,car,309,162,335,197
0011_jpg.rf.b2e7a9423fe46529d3df512edd37312b.jpg,416,416,car,376,184,406,233
0011_jpg.rf.b2e7a9423fe46529d3df512edd37312b.jpg,416,416,car,213,122,236,157
0011_jpg.rf.b2e7a9423fe46529d3df512edd37312b.jpg,416,416,car,215,85,226,104
0011_jpg.rf.b2e7a9423fe46529d3df512edd37312b.jpg,416,416,car,252,129,271,155
0011_jpg.rf.b2e7a9423fe46529d3df512edd37312b.jpg,416,416,car,298,137,321,175
0011_jpg.rf.b2e7a9423fe46529d3df512edd37312b.jpg,416,416,car,377,75,392,96
0011_jpg.rf.b2e7a9423fe46529d3df512edd37312b.jpg,416,416,car,358,72,371,89
0011_jpg.rf.b2e7a9423fe46529d3df512edd37312b.jpg,416,416,car,398,88,413,109
0011_jpg.rf.b2e7a9423fe46529d3df512edd37312b.jpg,416,416,car,273,107,288,129
0011_jpg.rf.b2e7a9423fe46529d3df512edd37312b.jpg,416,416,car,359,157,386,201
0011_jpg.rf.b2e7a9423fe46529d3df512edd37312b.jpg,416,416,car,165,61,177,82
0011_jpg.rf.b2e7a9423fe46529d3df512edd37312b.jpg,416,416,car,132,61,144,82
0011_jpg.rf.b2e7a9423fe46529d3df512edd37312b.jpg,416,416,car,247,114,261,140
0011_jpg.rf.b2e7a9423fe46529d3df512edd37312b.jpg,416,416,car,237,78,249,99
0011_jpg.rf.b2e7a9423fe46529d3df512edd37312b.jpg,416,416,car,316,110,335,144
0011_jpg.rf.b2e7a9423fe46529d3df512edd37312b.jpg,416,416,car,354,119,375,157
0011_jpg.rf.b2e7a9423fe46529d3df512edd37312b.jpg,416,416,car,291,90,308,117
0011_jpg.rf.b2e7a9423fe46529d3df512edd37312b.jpg,416,416,car,259,89,272,108
0011_jpg.rf.b2e7a9423fe46529d3df512edd37312b.jpg,416,416,car,298,78,312,94
0011_jpg.rf.b2e7a9423fe46529d3df512edd37312b.jpg,416,416,car,149,61,159,76
0011_jpg.rf.b2e7a9423fe46529d3df512edd37312b.jpg,416,416,car,307,280,346,344
00018053_jpg.rf.b9c1d8364a569a9cdf09902933756280.jpg,416,416,truck,56,87,377,341
4052_jpg.rf.c0167c73453baea4039edf78ae127964.jpg,416,416,bus,135,19,326,383
4052_jpg.rf.c0167c73453baea4039edf78ae127964.jpg,416,416,car,358,46,415,133
00000381_jpg.rf.bc23da7fe4b280f7cdf3d72d9e717fa4.jpg,416,416,car,89,88,371,336
00294828---Copy_jpg.rf.b797d3d2a3540a31ea20041bb3337b69.jpg,416,416,container,29,67,371,393
00000084_jpg.rf.bc48d74f200060e05e85eca83ceba29f.jpg,416,416,car,60,74,381,365
1242_jpg.rf.c1f2dfb06efb43af575e8f74da19b50c.jpg,416,416,motorbike,75,217,83,239
1242_jpg.rf.c1f2dfb06efb43af575e8f74da19b50c.jpg,416,416,motorbike,111,198,117,210
1242_jpg.rf.c1f2dfb06efb43af575e8f74da19b50c.jpg,416,416,motorbike,115,202,120,217
1242_jpg.rf.c1f2dfb06efb43af575e8f74da19b50c.jpg,416,416,container,190,171,211,218
1242_jpg.rf.c1f2dfb06efb43af575e8f74da19b50c.jpg,416,416,car,223,210,240,236
1242_jpg.rf.c1f2dfb06efb43af575e8f74da19b50c.jpg,416,416,car,213,175,220,185
1242_jpg.rf.c1f2dfb06efb43af575e8f74da19b50c.jpg,416,416,motorbike,164,174,167,182
1214_jpg.rf.c26db3d3ed1cc07e02a8490f41b5d575.jpg,416,416,truck,7,241,63,281
1214_jpg.rf.c26db3d3ed1cc07e02a8490f41b5d575.jpg,416,416,car,129,335,184,410
1214_jpg.rf.c26db3d3ed1cc07e02a8490f41b5d575.jpg,416,416,car,180,258,200,290
1214_jpg.rf.c26db3d3ed1cc07e02a8490f41b5d575.jpg,416,416,truck,201,193,212,214
1214_jpg.rf.c26db3d3ed1cc07e02a8490f41b5d575.jpg,416,416,truck,186,191,193,201
1214_jpg.rf.c26db3d3ed1cc07e02a8490f41b5d575.jpg,416,416,truck,218,262,250,325
1214_jpg.rf.c26db3d3ed1cc07e02a8490f41b5d575.jpg,416,416,truck,248,247,287,299
1177_jpg.rf.c99b089f4e5bd548afb19fdff2dbbe77.jpg,416,416,container,156,235,188,387
1177_jpg.rf.c99b089f4e5bd548afb19fdff2dbbe77.jpg,416,416,container,231,210,256,269
1177_jpg.rf.c99b089f4e5bd548afb19fdff2dbbe77.jpg,416,416,truck,321,233,357,269
1177_jpg.rf.c99b089f4e5bd548afb19fdff2dbbe77.jpg,416,416,container,205,197,215,222
1177_jpg.rf.c99b089f4e5bd548afb19fdff2dbbe77.jpg,416,416,container,174,195,183,213
1177_jpg.rf.c99b089f4e5bd548afb19fdff2dbbe77.jpg,416,416,container,223,190,236,201
1177_jpg.rf.c99b089f4e5bd548afb19fdff2dbbe77.jpg,416,416,truck,190,199,195,207
1177_jpg.rf.c99b089f4e5bd548afb19fdff2dbbe77.jpg,416,416,container,286,186,306,196
4131_jpg.rf.bd21b944d97b756d219566a14d84bf76.jpg,416,416,motorbike,45,305,82,400
4131_jpg.rf.bd21b944d97b756d219566a14d84bf76.jpg,416,416,bus,82,152,219,318
4131_jpg.rf.bd21b944d97b756d219566a14d84bf76.jpg,416,416,bus,258,95,331,202
4131_jpg.rf.bd21b944d97b756d219566a14d84bf76.jpg,416,416,bus,327,81,367,154
4131_jpg.rf.bd21b944d97b756d219566a14d84bf76.jpg,416,416,bus,365,68,385,124
4131_jpg.rf.bd21b944d97b756d219566a14d84bf76.jpg,416,416,bus,378,45,396,95
4131_jpg.rf.bd21b944d97b756d219566a14d84bf76.jpg,416,416,bus,392,38,401,84
4131_jpg.rf.bd21b944d97b756d219566a14d84bf76.jpg,416,416,bus,406,33,415,62
00000338_jpg.rf.c40b7e5074bf68c15fafc6c028f348ac.jpg,416,416,car,51,73,351,354
00536562_jpg.rf.bf2a73cc3c4dbafc27639ecae119ae9e.jpg,416,416,container,32,31,389,404
00536562_jpg.rf.bf2a73cc3c4dbafc27639ecae119ae9e.jpg,416,416,car,2,136,74,224
00000456_jpg.rf.c42bde7b2979e1c8f98bb51473905e25.jpg,416,416,car,36,98,385,332
00012715_jpg.rf.cded280ebc2bf2c631ae3c692f077e50.jpg,416,416,truck,65,91,352,334
3003_jpg.rf.cd368c69e6819e86bb1d011533ffe197.jpg,416,416,car,20,256,42,289
3003_jpg.rf.cd368c69e6819e86bb1d011533ffe197.jpg,416,416,truck,243,256,316,393
3003_jpg.rf.cd368c69e6819e86bb1d011533ffe197.jpg,416,416,car,198,287,225,332
3003_jpg.rf.cd368c69e6819e86bb1d011533ffe197.jpg,416,416,car,152,274,179,325
3003_jpg.rf.cd368c69e6819e86bb1d011533ffe197.jpg,416,416,car,131,221,148,251
3003_jpg.rf.cd368c69e6819e86bb1d011533ffe197.jpg,416,416,car,158,211,175,239
3003_jpg.rf.cd368c69e6819e86bb1d011533ffe197.jpg,416,416,truck,161,160,176,205
3003_jpg.rf.cd368c69e6819e86bb1d011533ffe197.jpg,416,416,car,134,183,148,201
3003_jpg.rf.cd368c69e6819e86bb1d011533ffe197.jpg,416,416,car,142,165,153,185
3003_jpg.rf.cd368c69e6819e86bb1d011533ffe197.jpg,416,416,car,149,135,160,163
1042_jpg.rf.ca089e061cd45250ae406d529d9c7bf3.jpg,416,416,container,193,176,201,191
1042_jpg.rf.ca089e061cd45250ae406d529d9c7bf3.jpg,416,416,motorbike,124,196,126,203
1042_jpg.rf.ca089e061cd45250ae406d529d9c7bf3.jpg,416,416,motorbike,127,191,132,199
00458680_jpg.rf.c9d873ae11b949fd41d937d3465369f9.jpg,416,416,truck,27,103,358,365
1030_jpg.rf.c909b4cfc6c4f2c1f54cd116e0a5bd9e.jpg,416,416,car,228,203,244,226
1030_jpg.rf.c909b4cfc6c4f2c1f54cd116e0a5bd9e.jpg,416,416,car,219,183,229,195
1030_jpg.rf.c909b4cfc6c4f2c1f54cd116e0a5bd9e.jpg,416,416,motorbike,174,181,177,189
00019961_jpg.rf.c9db34a5c77a82049aeb0706814389dc.jpg,416,416,truck,9,59,385,339
00000285_jpg.rf.ca69ed645dd0a170a2ccbb7a7679c5cf.jpg,416,416,car,46,101,392,349
1131_jpg.rf.cf59543d947a31549cd59d6f48906950.jpg,416,416,container,172,227,201,331
1131_jpg.rf.cf59543d947a31549cd59d6f48906950.jpg,416,416,truck,211,219,233,254
1131_jpg.rf.cf59543d947a31549cd59d6f48906950.jpg,416,416,truck,326,231,365,269
1131_jpg.rf.cf59543d947a31549cd59d6f48906950.jpg,416,416,car,161,225,171,244
1131_jpg.rf.cf59543d947a31549cd59d6f48906950.jpg,416,416,truck,274,208,294,232
1131_jpg.rf.cf59543d947a31549cd59d6f48906950.jpg,416,416,container,187,196,201,223
1131_jpg.rf.cf59543d947a31549cd59d6f48906950.jpg,416,416,bus,207,201,218,215
1131_jpg.rf.cf59543d947a31549cd59d6f48906950.jpg,416,416,container,218,193,237,209
1131_jpg.rf.cf59543d947a31549cd59d6f48906950.jpg,416,416,truck,273,187,290,198
1131_jpg.rf.cf59543d947a31549cd59d6f48906950.jpg,416,416,container,1,237,65,267
00000415_jpg.rf.c9f4fd258d1f3a3ceaf747b23f2f257f.jpg,416,416,car,31,73,402,361
00010663_jpg.rf.b96f4245352dc4cdf96c8950f8aa98e1.jpg,416,416,truck,12,75,299,344
00000687_jpg.rf.d11282736a0cf24dbe388ae205b68370.jpg,416,416,car,62,104,395,347
00012388_jpg.rf.cf2f1e7dd4baf4680efcc102c5ecaf4f.jpg,416,416,truck,4,15,382,362
0016_jpg.rf.c72d1bf47bda2d4f77597b9610f180bd.jpg,416,416,car,97,281,112,298
0016_jpg.rf.c72d1bf47bda2d4f77597b9610f180bd.jpg,416,416,car,22,342,53,376
0016_jpg.rf.c72d1bf47bda2d4f77597b9610f180bd.jpg,416,416,car,57,364,93,404
0016_jpg.rf.c72d1bf47bda2d4f77597b9610f180bd.jpg,416,416,car,276,302,297,329
0016_jpg.rf.c72d1bf47bda2d4f77597b9610f180bd.jpg,416,416,car,355,349,386,382
0016_jpg.rf.c72d1bf47bda2d4f77597b9610f180bd.jpg,416,416,car,125,250,137,265
0016_jpg.rf.c72d1bf47bda2d4f77597b9610f180bd.jpg,416,416,car,137,240,145,253
0016_jpg.rf.c72d1bf47bda2d4f77597b9610f180bd.jpg,416,416,car,155,234,165,245
0016_jpg.rf.c72d1bf47bda2d4f77597b9610f180bd.jpg,416,416,car,173,230,181,242
0016_jpg.rf.c72d1bf47bda2d4f77597b9610f180bd.jpg,416,416,car,160,227,168,235
0016_jpg.rf.c72d1bf47bda2d4f77597b9610f180bd.jpg,416,416,car,167,218,172,223
0016_jpg.rf.c72d1bf47bda2d4f77597b9610f180bd.jpg,416,416,car,177,222,184,229
0016_jpg.rf.c72d1bf47bda2d4f77597b9610f180bd.jpg,416,416,car,224,264,236,280
0016_jpg.rf.c72d1bf47bda2d4f77597b9610f180bd.jpg,416,416,car,260,275,276,297
0016_jpg.rf.c72d1bf47bda2d4f77597b9610f180bd.jpg,416,416,car,278,268,290,285
0016_jpg.rf.c72d1bf47bda2d4f77597b9610f180bd.jpg,416,416,car,236,249,246,259
0016_jpg.rf.c72d1bf47bda2d4f77597b9610f180bd.jpg,416,416,car,215,230,221,241
0016_jpg.rf.c72d1bf47bda2d4f77597b9610f180bd.jpg,416,416,car,230,216,233,224
0016_jpg.rf.c72d1bf47bda2d4f77597b9610f180bd.jpg,416,416,car,163,211,168,217
0016_jpg.rf.c72d1bf47bda2d4f77597b9610f180bd.jpg,416,416,car,211,218,217,228
0016_jpg.rf.c72d1bf47bda2d4f77597b9610f180bd.jpg,416,416,car,218,214,223,222
0016_jpg.rf.c72d1bf47bda2d4f77597b9610f180bd.jpg,416,416,car,211,204,214,208
0016_jpg.rf.c72d1bf47bda2d4f77597b9610f180bd.jpg,416,416,car,203,203,208,208
00000016_jpg.rf.cfe90b7fd8369264fb01d2a1c944646c.jpg,416,416,car,53,151,244,414
00000622_jpg.rf.ce43fe7dcda101cc72ef045da40d782a.jpg,416,416,car,40,84,353,343
00017694_jpg.rf.d60d2296992b06609f86f2010935a9ad.jpg,416,416,truck,22,42,376,358
00456075_jpg.rf.d5d426866499a079cdba19f238095fea.jpg,416,416,truck,14,56,385,362
0012_jpg.rf.e370f754db436c0f7848f2561af1fdc6.jpg,416,416,car,88,201,145,236
0012_jpg.rf.e370f754db436c0f7848f2561af1fdc6.jpg,416,416,car,166,221,224,255
0012_jpg.rf.e370f754db436c0f7848f2561af1fdc6.jpg,416,416,car,232,243,283,277
0012_jpg.rf.e370f754db436c0f7848f2561af1fdc6.jpg,416,416,car,165,304,224,356
0012_jpg.rf.e370f754db436c0f7848f2561af1fdc6.jpg,416,416,car,233,170,285,201
0012_jpg.rf.e370f754db436c0f7848f2561af1fdc6.jpg,416,416,car,320,196,370,222
0012_jpg.rf.e370f754db436c0f7848f2561af1fdc6.jpg,416,416,car,300,142,341,171
0012_jpg.rf.e370f754db436c0f7848f2561af1fdc6.jpg,416,416,car,168,97,209,119
0012_jpg.rf.e370f754db436c0f7848f2561af1fdc6.jpg,416,416,car,227,82,259,102
0012_jpg.rf.e370f754db436c0f7848f2561af1fdc6.jpg,416,416,motorbike,145,66,161,88
0012_jpg.rf.e370f754db436c0f7848f2561af1fdc6.jpg,416,416,car,358,112,411,151
0012_jpg.rf.e370f754db436c0f7848f2561af1fdc6.jpg,416,416,car,289,101,322,123
0012_jpg.rf.e370f754db436c0f7848f2561af1fdc6.jpg,416,416,car,173,35,196,54
0012_jpg.rf.e370f754db436c0f7848f2561af1fdc6.jpg,416,416,bus,351,39,410,85
0012_jpg.rf.e370f754db436c0f7848f2561af1fdc6.jpg,416,416,bus,203,28,228,44
0012_jpg.rf.e370f754db436c0f7848f2561af1fdc6.jpg,416,416,car,263,45,292,64
0012_jpg.rf.e370f754db436c0f7848f2561af1fdc6.jpg,416,416,car,217,54,249,70
0012_jpg.rf.e370f754db436c0f7848f2561af1fdc6.jpg,416,416,car,163,79,203,97
0012_jpg.rf.e370f754db436c0f7848f2561af1fdc6.jpg,416,416,car,323,79,352,100
0012_jpg.rf.e370f754db436c0f7848f2561af1fdc6.jpg,416,416,car,273,77,309,96
0012_jpg.rf.e370f754db436c0f7848f2561af1fdc6.jpg,416,416,car,312,42,342,61
0012_jpg.rf.e370f754db436c0f7848f2561af1fdc6.jpg,416,416,car,372,9,395,27
0012_jpg.rf.e370f754db436c0f7848f2561af1fdc6.jpg,416,416,car,343,97,380,121
0012_jpg.rf.e370f754db436c0f7848f2561af1fdc6.jpg,416,416,car,306,17,336,31
00000555_jpg.rf.d8839b6a8901b401a07c9a89c3f0e9f6.jpg,416,416,car,34,89,368,406
1107_jpg.rf.d78705a6c891285e1b14b99382ce3b6d.jpg,416,416,truck,75,282,146,388
1107_jpg.rf.d78705a6c891285e1b14b99382ce3b6d.jpg,416,416,container,172,260,221,411
1107_jpg.rf.d78705a6c891285e1b14b99382ce3b6d.jpg,416,416,car,145,259,170,293
1107_jpg.rf.d78705a6c891285e1b14b99382ce3b6d.jpg,416,416,container,262,223,346,383
1107_jpg.rf.d78705a6c891285e1b14b99382ce3b6d.jpg,416,416,container,219,205,248,266
1107_jpg.rf.d78705a6c891285e1b14b99382ce3b6d.jpg,416,416,container,171,198,190,244
1107_jpg.rf.d78705a6c891285e1b14b99382ce3b6d.jpg,416,416,container,190,214,212,258
1107_jpg.rf.d78705a6c891285e1b14b99382ce3b6d.jpg,416,416,truck,270,210,288,221
1107_jpg.rf.d78705a6c891285e1b14b99382ce3b6d.jpg,416,416,container,240,192,257,217
1107_jpg.rf.d78705a6c891285e1b14b99382ce3b6d.jpg,416,416,truck,205,194,211,207
1107_jpg.rf.d78705a6c891285e1b14b99382ce3b6d.jpg,416,416,truck,275,199,289,209
1107_jpg.rf.d78705a6c891285e1b14b99382ce3b6d.jpg,416,416,truck,275,182,293,197
1107_jpg.rf.d78705a6c891285e1b14b99382ce3b6d.jpg,416,416,container,305,180,335,193
1107_jpg.rf.d78705a6c891285e1b14b99382ce3b6d.jpg,416,416,truck,223,188,232,203
1143_jpg.rf.dcfa14e31394b12aedf2e90ddd136dff.jpg,416,416,truck,232,218,262,273
1143_jpg.rf.dcfa14e31394b12aedf2e90ddd136dff.jpg,416,416,truck,211,197,222,211
1143_jpg.rf.dcfa14e31394b12aedf2e90ddd136dff.jpg,416,416,truck,335,232,367,268
1143_jpg.rf.dcfa14e31394b12aedf2e90ddd136dff.jpg,416,416,truck,382,260,415,318
1143_jpg.rf.dcfa14e31394b12aedf2e90ddd136dff.jpg,416,416,car,143,344,189,414
1143_jpg.rf.dcfa14e31394b12aedf2e90ddd136dff.jpg,416,416,truck,212,216,224,228
00000117_jpg.rf.d6d911650577d99cc551c4fa048db263.jpg,416,416,car,45,91,379,312
00021328---Copy_jpg.rf.d07f8106e72e808ac444443d63121d16.jpg,416,416,truck,48,64,415,389
00295968---Copy_jpg.rf.e3edccc00a5267abfc7f6c8cc058c354.jpg,416,416,container,8,68,412,393
00011842---Copy_jpg.rf.e46d17a52ff9ef637f22be0ae94353cb.jpg,416,416,car,6,47,69,126
00011842---Copy_jpg.rf.e46d17a52ff9ef637f22be0ae94353cb.jpg,416,416,car,2,274,146,414
00011842---Copy_jpg.rf.e46d17a52ff9ef637f22be0ae94353cb.jpg,416,416,truck,31,10,389,365
1098_jpg.rf.de883dd47e773feca4fa629e89ae332f.jpg,416,416,car,71,344,128,416
1098_jpg.rf.de883dd47e773feca4fa629e89ae332f.jpg,416,416,car,177,287,203,325
1098_jpg.rf.de883dd47e773feca4fa629e89ae332f.jpg,416,416,car,131,392,183,414
1098_jpg.rf.de883dd47e773feca4fa629e89ae332f.jpg,416,416,truck,217,258,251,326
1098_jpg.rf.de883dd47e773feca4fa629e89ae332f.jpg,416,416,truck,241,331,347,415
1098_jpg.rf.de883dd47e773feca4fa629e89ae332f.jpg,416,416,truck,151,234,177,283
1098_jpg.rf.de883dd47e773feca4fa629e89ae332f.jpg,416,416,truck,303,266,400,396
1098_jpg.rf.de883dd47e773feca4fa629e89ae332f.jpg,416,416,truck,210,197,220,218
1098_jpg.rf.de883dd47e773feca4fa629e89ae332f.jpg,416,416,car,183,223,192,237
1098_jpg.rf.de883dd47e773feca4fa629e89ae332f.jpg,416,416,car,206,222,219,236
1098_jpg.rf.de883dd47e773feca4fa629e89ae332f.jpg,416,416,container,232,196,250,234
1098_jpg.rf.de883dd47e773feca4fa629e89ae332f.jpg,416,416,container,186,192,203,223
1098_jpg.rf.de883dd47e773feca4fa629e89ae332f.jpg,416,416,container,261,185,282,195
1098_jpg.rf.de883dd47e773feca4fa629e89ae332f.jpg,416,416,truck,283,201,301,220
1098_jpg.rf.de883dd47e773feca4fa629e89ae332f.jpg,416,416,car,225,205,232,211
1098_jpg.rf.de883dd47e773feca4fa629e89ae332f.jpg,416,416,container,300,181,322,192
1098_jpg.rf.de883dd47e773feca4fa629e89ae332f.jpg,416,416,container,337,177,366,190
4186_jpg.rf.e687332421d18c2681afec392be2e799.jpg,416,416,car,51,147,144,307
4186_jpg.rf.e687332421d18c2681afec392be2e799.jpg,416,416,car,34,2,80,60
4186_jpg.rf.e687332421d18c2681afec392be2e799.jpg,416,416,car,101,2,147,47
4186_jpg.rf.e687332421d18c2681afec392be2e799.jpg,416,416,bus,144,24,371,409
1074_jpg.rf.e8c455f27a73593e922e4a015379d78d.jpg,416,416,bus,164,184,180,204
1074_jpg.rf.e8c455f27a73593e922e4a015379d78d.jpg,416,416,motorbike,48,239,55,259
1074_jpg.rf.e8c455f27a73593e922e4a015379d78d.jpg,416,416,motorbike,57,232,63,247
1074_jpg.rf.e8c455f27a73593e922e4a015379d78d.jpg,416,416,motorbike,66,223,73,238
1074_jpg.rf.e8c455f27a73593e922e4a015379d78d.jpg,416,416,motorbike,136,193,138,200
1074_jpg.rf.e8c455f27a73593e922e4a015379d78d.jpg,416,416,motorbike,152,188,155,194
1074_jpg.rf.e8c455f27a73593e922e4a015379d78d.jpg,416,416,container,192,174,197,185
1074_jpg.rf.e8c455f27a73593e922e4a015379d78d.jpg,416,416,truck,346,250,416,320
1074_jpg.rf.e8c455f27a73593e922e4a015379d78d.jpg,416,416,container,316,197,416,269
1077_jpg.rf.e0a4d3cd06c06cf47e695e206e65285a.jpg,416,416,container,319,227,416,338
1077_jpg.rf.e0a4d3cd06c06cf47e695e206e65285a.jpg,416,416,motorbike,93,222,99,236
1077_jpg.rf.e0a4d3cd06c06cf47e695e206e65285a.jpg,416,416,motorbike,126,208,130,217
1077_jpg.rf.e0a4d3cd06c06cf47e695e206e65285a.jpg,416,416,car,185,198,192,208
1077_jpg.rf.e0a4d3cd06c06cf47e695e206e65285a.jpg,416,416,motorbike,132,202,136,211
1077_jpg.rf.e0a4d3cd06c06cf47e695e206e65285a.jpg,416,416,motorbike,143,200,147,210
1077_jpg.rf.e0a4d3cd06c06cf47e695e206e65285a.jpg,416,416,motorbike,149,199,152,205
1077_jpg.rf.e0a4d3cd06c06cf47e695e206e65285a.jpg,416,416,container,185,184,193,197
1077_jpg.rf.e0a4d3cd06c06cf47e695e206e65285a.jpg,416,416,truck,301,201,343,237
1077_jpg.rf.e0a4d3cd06c06cf47e695e206e65285a.jpg,416,416,container,335,179,363,191
1077_jpg.rf.e0a4d3cd06c06cf47e695e206e65285a.jpg,416,416,car,124,364,181,416
1055_jpg.rf.ec881d1a707d3b4d16001494b3036d62.jpg,416,416,truck,184,217,214,265
1055_jpg.rf.ec881d1a707d3b4d16001494b3036d62.jpg,416,416,car,176,198,184,209
1055_jpg.rf.ec881d1a707d3b4d16001494b3036d62.jpg,416,416,motorbike,120,197,123,207
1055_jpg.rf.ec881d1a707d3b4d16001494b3036d62.jpg,416,416,truck,215,198,234,233
1055_jpg.rf.ec881d1a707d3b4d16001494b3036d62.jpg,416,416,truck,181,178,191,193
1055_jpg.rf.ec881d1a707d3b4d16001494b3036d62.jpg,416,416,container,193,182,203,203
1055_jpg.rf.ec881d1a707d3b4d16001494b3036d62.jpg,416,416,container,386,229,416,296
1055_jpg.rf.ec881d1a707d3b4d16001494b3036d62.jpg,416,416,truck,351,193,394,225
1055_jpg.rf.ec881d1a707d3b4d16001494b3036d62.jpg,416,416,car,212,195,217,204
1055_jpg.rf.ec881d1a707d3b4d16001494b3036d62.jpg,416,416,motorbike,171,183,174,190
1055_jpg.rf.ec881d1a707d3b4d16001494b3036d62.jpg,416,416,motorbike,163,185,165,188
2029_jpg.rf.d8b952152d1a35d31bb40be6b34dc1a7.jpg,416,416,truck,97,239,130,298
2029_jpg.rf.d8b952152d1a35d31bb40be6b34dc1a7.jpg,416,416,truck,174,270,230,402
2029_jpg.rf.d8b952152d1a35d31bb40be6b34dc1a7.jpg,416,416,car,190,236,205,261
2029_jpg.rf.d8b952152d1a35d31bb40be6b34dc1a7.jpg,416,416,truck,199,200,213,222
2029_jpg.rf.d8b952152d1a35d31bb40be6b34dc1a7.jpg,416,416,container,228,174,247,193
2029_jpg.rf.d8b952152d1a35d31bb40be6b34dc1a7.jpg,416,416,truck,155,187,167,211
2029_jpg.rf.d8b952152d1a35d31bb40be6b34dc1a7.jpg,416,416,truck,171,189,185,212
2029_jpg.rf.d8b952152d1a35d31bb40be6b34dc1a7.jpg,416,416,container,299,167,314,181
2029_jpg.rf.d8b952152d1a35d31bb40be6b34dc1a7.jpg,416,416,car,13,268,43,300
00000086_jpg.rf.e5b4e62d923b29e17b8a5606424238c7.jpg,416,416,car,10,13,385,385
00439673_jpg.rf.e70a3a5f6d0c5b1ce95451680c88a250.jpg,416,416,bus,15,23,399,375
00020614_jpg.rf.dd3a944336fa2bfb92bb77d8ce19ad7e.jpg,416,416,truck,36,68,393,354
4174_jpg.rf.c168cfe39f91e503be105183310ce455.jpg,416,416,bus,108,51,291,341
4006_jpg.rf.e7694a8f34d715385f1c074945516b3e.jpg,416,416,bus,61,149,262,375
4006_jpg.rf.e7694a8f34d715385f1c074945516b3e.jpg,416,416,bus,268,162,361,355
4006_jpg.rf.e7694a8f34d715385f1c074945516b3e.jpg,416,416,bus,19,205,61,320
00454433_jpg.rf.e2b5edf890889b2304e76a6126f1e64a.jpg,416,416,truck,59,67,364,371
00000545_jpg.rf.eb4a2400ad7314b27e376773e250a7e6.jpg,416,416,car,42,83,349,342
3009_jpg.rf.f192db4349f307d510d9e1dab0d933b4.jpg,416,416,container,19,63,110,186
3009_jpg.rf.f192db4349f307d510d9e1dab0d933b4.jpg,416,416,container,101,80,163,198
3009_jpg.rf.f192db4349f307d510d9e1dab0d933b4.jpg,416,416,container,182,62,278,157
3009_jpg.rf.f192db4349f307d510d9e1dab0d933b4.jpg,416,416,container,273,58,351,170
3009_jpg.rf.f192db4349f307d510d9e1dab0d933b4.jpg,416,416,car,4,201,40,258
3009_jpg.rf.f192db4349f307d510d9e1dab0d933b4.jpg,416,416,car,20,340,81,415
3009_jpg.rf.f192db4349f307d510d9e1dab0d933b4.jpg,416,416,car,127,316,181,390
3009_jpg.rf.f192db4349f307d510d9e1dab0d933b4.jpg,416,416,car,157,231,203,293
3009_jpg.rf.f192db4349f307d510d9e1dab0d933b4.jpg,416,416,car,32,250,77,320
3009_jpg.rf.f192db4349f307d510d9e1dab0d933b4.jpg,416,416,car,8,300,59,344
3009_jpg.rf.f192db4349f307d510d9e1dab0d933b4.jpg,416,416,car,61,220,104,286
3009_jpg.rf.f192db4349f307d510d9e1dab0d933b4.jpg,416,416,car,93,191,132,270
3009_jpg.rf.f192db4349f307d510d9e1dab0d933b4.jpg,416,416,car,134,170,177,238
3009_jpg.rf.f192db4349f307d510d9e1dab0d933b4.jpg,416,416,car,189,174,220,227
3009_jpg.rf.f192db4349f307d510d9e1dab0d933b4.jpg,416,416,car,199,149,223,181
3009_jpg.rf.f192db4349f307d510d9e1dab0d933b4.jpg,416,416,car,224,150,267,214
3009_jpg.rf.f192db4349f307d510d9e1dab0d933b4.jpg,416,416,car,48,170,89,226
3009_jpg.rf.f192db4349f307d510d9e1dab0d933b4.jpg,416,416,car,334,145,379,205
3009_jpg.rf.f192db4349f307d510d9e1dab0d933b4.jpg,416,416,car,317,166,338,216
3009_jpg.rf.f192db4349f307d510d9e1dab0d933b4.jpg,416,416,car,368,130,391,181
3009_jpg.rf.f192db4349f307d510d9e1dab0d933b4.jpg,416,416,car,394,138,416,198
1044_jpg.rf.eddcabc227536de828294f85deb424bd.jpg,416,416,motorbike,75,222,84,241
1044_jpg.rf.eddcabc227536de828294f85deb424bd.jpg,416,416,truck,171,269,210,384
1044_jpg.rf.eddcabc227536de828294f85deb424bd.jpg,416,416,truck,196,200,208,227
1044_jpg.rf.eddcabc227536de828294f85deb424bd.jpg,416,416,motorbike,142,188,144,194
1044_jpg.rf.eddcabc227536de828294f85deb424bd.jpg,416,416,motorbike,112,203,118,211
1044_jpg.rf.eddcabc227536de828294f85deb424bd.jpg,416,416,truck,351,194,396,223
1044_jpg.rf.eddcabc227536de828294f85deb424bd.jpg,416,416,container,61,220,156,416
00000355_jpg.rf.ef0a10935eb56bfdff865cac63b1e5b8.jpg,416,416,car,64,101,366,369
1054_jpg.rf.ec48ed3a9784ad95f007f13a38531ac3.jpg,416,416,truck,77,296,142,382
1054_jpg.rf.ec48ed3a9784ad95f007f13a38531ac3.jpg,416,416,motorbike,171,298,205,344
1054_jpg.rf.ec48ed3a9784ad95f007f13a38531ac3.jpg,416,416,car,191,239,205,263
1054_jpg.rf.ec48ed3a9784ad95f007f13a38531ac3.jpg,416,416,car,165,239,181,258
1054_jpg.rf.ec48ed3a9784ad95f007f13a38531ac3.jpg,416,416,car,201,225,210,240
1054_jpg.rf.ec48ed3a9784ad95f007f13a38531ac3.jpg,416,416,car,254,243,270,269
1054_jpg.rf.ec48ed3a9784ad95f007f13a38531ac3.jpg,416,416,truck,220,221,242,238
1054_jpg.rf.ec48ed3a9784ad95f007f13a38531ac3.jpg,416,416,truck,222,240,254,308
1054_jpg.rf.ec48ed3a9784ad95f007f13a38531ac3.jpg,416,416,truck,274,237,342,332
1054_jpg.rf.ec48ed3a9784ad95f007f13a38531ac3.jpg,416,416,container,248,202,276,245
1054_jpg.rf.ec48ed3a9784ad95f007f13a38531ac3.jpg,416,416,car,211,208,220,218
1054_jpg.rf.ec48ed3a9784ad95f007f13a38531ac3.jpg,416,416,car,191,207,200,217
1054_jpg.rf.ec48ed3a9784ad95f007f13a38531ac3.jpg,416,416,car,220,200,225,206
1054_jpg.rf.ec48ed3a9784ad95f007f13a38531ac3.jpg,416,416,truck,278,203,297,221
1054_jpg.rf.ec48ed3a9784ad95f007f13a38531ac3.jpg,416,416,truck,176,208,191,233
1054_jpg.rf.ec48ed3a9784ad95f007f13a38531ac3.jpg,416,416,truck,207,191,218,208
1054_jpg.rf.ec48ed3a9784ad95f007f13a38531ac3.jpg,416,416,bus,226,186,230,199
1054_jpg.rf.ec48ed3a9784ad95f007f13a38531ac3.jpg,416,416,container,193,188,204,208
1054_jpg.rf.ec48ed3a9784ad95f007f13a38531ac3.jpg,416,416,container,232,193,241,219
1054_jpg.rf.ec48ed3a9784ad95f007f13a38531ac3.jpg,416,416,container,277,183,307,198
1054_jpg.rf.ec48ed3a9784ad95f007f13a38531ac3.jpg,416,416,container,334,183,351,194
00015110_jpg.rf.f3cbbc2cc0ebcf84164f9803c9f15dd2.jpg,416,416,truck,13,39,409,394
1193_jpg.rf.edee4ef94b0bb5077b06ad47fa39eb01.jpg,416,416,car,166,224,182,237
1193_jpg.rf.edee4ef94b0bb5077b06ad47fa39eb01.jpg,416,416,car,181,212,189,224
1193_jpg.rf.edee4ef94b0bb5077b06ad47fa39eb01.jpg,416,416,truck,182,237,202,272
1193_jpg.rf.edee4ef94b0bb5077b06ad47fa39eb01.jpg,416,416,truck,286,283,349,363
1193_jpg.rf.edee4ef94b0bb5077b06ad47fa39eb01.jpg,416,416,bus,235,236,264,285
1193_jpg.rf.edee4ef94b0bb5077b06ad47fa39eb01.jpg,416,416,truck,212,223,230,250
1193_jpg.rf.edee4ef94b0bb5077b06ad47fa39eb01.jpg,416,416,truck,334,235,373,274
1193_jpg.rf.edee4ef94b0bb5077b06ad47fa39eb01.jpg,416,416,truck,195,208,206,228
1193_jpg.rf.edee4ef94b0bb5077b06ad47fa39eb01.jpg,416,416,car,188,202,197,209
1193_jpg.rf.edee4ef94b0bb5077b06ad47fa39eb01.jpg,416,416,truck,214,207,226,222
1193_jpg.rf.edee4ef94b0bb5077b06ad47fa39eb01.jpg,416,416,truck,240,196,251,215
1193_jpg.rf.edee4ef94b0bb5077b06ad47fa39eb01.jpg,416,416,truck,201,196,213,210
1193_jpg.rf.edee4ef94b0bb5077b06ad47fa39eb01.jpg,416,416,container,244,191,258,205
00534534_jpg.rf.eec8874c2d04ed65efdb12a5658ffbe4.jpg,416,416,container,64,63,414,363
00022504_jpg.rf.f804157e687f5385cadf5b65a143ce43.jpg,416,416,container,9,3,407,380
00000300_jpg.rf.f767afe4326d57f1d78ed8327dfb2d08.jpg,416,416,car,59,92,373,414
1174_jpg.rf.eded8932687bd9f88a6738372b1e2aca.jpg,416,416,container,127,221,160,300
1174_jpg.rf.eded8932687bd9f88a6738372b1e2aca.jpg,416,416,container,229,207,271,278
1174_jpg.rf.eded8932687bd9f88a6738372b1e2aca.jpg,416,416,car,189,208,196,218
1174_jpg.rf.eded8932687bd9f88a6738372b1e2aca.jpg,416,416,truck,317,229,355,271
1174_jpg.rf.eded8932687bd9f88a6738372b1e2aca.jpg,416,416,container,223,190,234,210
1174_jpg.rf.eded8932687bd9f88a6738372b1e2aca.jpg,416,416,container,242,185,251,199
1174_jpg.rf.eded8932687bd9f88a6738372b1e2aca.jpg,416,416,truck,268,187,279,197
1174_jpg.rf.eded8932687bd9f88a6738372b1e2aca.jpg,416,416,container,274,181,303,191
1174_jpg.rf.eded8932687bd9f88a6738372b1e2aca.jpg,416,416,car,179,192,183,200
1174_jpg.rf.eded8932687bd9f88a6738372b1e2aca.jpg,416,416,container,187,187,195,201
4115_jpg.rf.f8d918236f15c36b7c7fe2999ec47923.jpg,416,416,bus,125,141,230,304
4115_jpg.rf.f8d918236f15c36b7c7fe2999ec47923.jpg,416,416,car,79,200,115,252
4115_jpg.rf.f8d918236f15c36b7c7fe2999ec47923.jpg,416,416,car,355,190,396,262
4115_jpg.rf.f8d918236f15c36b7c7fe2999ec47923.jpg,416,416,car,240,103,262,129
4115_jpg.rf.f8d918236f15c36b7c7fe2999ec47923.jpg,416,416,car,301,110,320,135
4115_jpg.rf.f8d918236f15c36b7c7fe2999ec47923.jpg,416,416,car,299,83,313,97
4115_jpg.rf.f8d918236f15c36b7c7fe2999ec47923.jpg,416,416,car,312,69,321,85
4115_jpg.rf.f8d918236f15c36b7c7fe2999ec47923.jpg,416,416,car,278,86,298,102
4115_jpg.rf.f8d918236f15c36b7c7fe2999ec47923.jpg,416,416,car,261,77,274,95
4115_jpg.rf.f8d918236f15c36b7c7fe2999ec47923.jpg,416,416,car,208,111,231,127
4115_jpg.rf.f8d918236f15c36b7c7fe2999ec47923.jpg,416,416,car,298,69,306,82
4115_jpg.rf.f8d918236f15c36b7c7fe2999ec47923.jpg,416,416,car,282,76,293,86
4115_jpg.rf.f8d918236f15c36b7c7fe2999ec47923.jpg,416,416,bus,280,60,294,73
4150_jpg.rf.f42ce171a717ef4a8873b056eecc91b1.jpg,416,416,bus,313,232,415,414
4150_jpg.rf.f42ce171a717ef4a8873b056eecc91b1.jpg,416,416,bus,145,143,313,370
4150_jpg.rf.f42ce171a717ef4a8873b056eecc91b1.jpg,416,416,bus,85,110,153,259
4150_jpg.rf.f42ce171a717ef4a8873b056eecc91b1.jpg,416,416,bus,45,85,92,192
4150_jpg.rf.f42ce171a717ef4a8873b056eecc91b1.jpg,416,416,bus,18,69,45,160
4150_jpg.rf.f42ce171a717ef4a8873b056eecc91b1.jpg,416,416,bus,2,48,20,126
4150_jpg.rf.f42ce171a717ef4a8873b056eecc91b1.jpg,416,416,car,321,149,358,205
4150_jpg.rf.f42ce171a717ef4a8873b056eecc91b1.jpg,416,416,motorbike,375,155,389,213
4150_jpg.rf.f42ce171a717ef4a8873b056eecc91b1.jpg,416,416,motorbike,399,122,410,178
4150_jpg.rf.f42ce171a717ef4a8873b056eecc91b1.jpg,416,416,motorbike,283,135,295,184
4150_jpg.rf.f42ce171a717ef4a8873b056eecc91b1.jpg,416,416,motorbike,261,136,273,174
4150_jpg.rf.f42ce171a717ef4a8873b056eecc91b1.jpg,416,416,motorbike,254,112,265,143
4150_jpg.rf.f42ce171a717ef4a8873b056eecc91b1.jpg,416,416,motorbike,232,127,239,158
4150_jpg.rf.f42ce171a717ef4a8873b056eecc91b1.jpg,416,416,motorbike,248,149,260,166
4150_jpg.rf.f42ce171a717ef4a8873b056eecc91b1.jpg,416,416,motorbike,149,91,158,118
4150_jpg.rf.f42ce171a717ef4a8873b056eecc91b1.jpg,416,416,motorbike,183,97,197,124
4150_jpg.rf.f42ce171a717ef4a8873b056eecc91b1.jpg,416,416,motorbike,170,97,181,120
4150_jpg.rf.f42ce171a717ef4a8873b056eecc91b1.jpg,416,416,car,99,79,117,108
4150_jpg.rf.f42ce171a717ef4a8873b056eecc91b1.jpg,416,416,motorbike,136,50,142,68
4150_jpg.rf.f42ce171a717ef4a8873b056eecc91b1.jpg,416,416,car,103,56,123,76
4150_jpg.rf.f42ce171a717ef4a8873b056eecc91b1.jpg,416,416,car,162,70,182,89
4150_jpg.rf.f42ce171a717ef4a8873b056eecc91b1.jpg,416,416,motorbike,122,81,131,106
4150_jpg.rf.f42ce171a717ef4a8873b056eecc91b1.jpg,416,416,car,169,50,185,64
4150_jpg.rf.f42ce171a717ef4a8873b056eecc91b1.jpg,416,416,car,154,58,165,81
4150_jpg.rf.f42ce171a717ef4a8873b056eecc91b1.jpg,416,416,car,135,79,143,112
4150_jpg.rf.f42ce171a717ef4a8873b056eecc91b1.jpg,416,416,truck,3,203,128,414
1262_jpg.rf.f485ba2e1ba90306a3e4a81d48e5dd31.jpg,416,416,motorbike,101,211,106,226
1262_jpg.rf.f485ba2e1ba90306a3e4a81d48e5dd31.jpg,416,416,motorbike,134,191,137,200
1262_jpg.rf.f485ba2e1ba90306a3e4a81d48e5dd31.jpg,416,416,car,225,192,232,202
1262_jpg.rf.f485ba2e1ba90306a3e4a81d48e5dd31.jpg,416,416,container,87,303,218,415
1262_jpg.rf.f485ba2e1ba90306a3e4a81d48e5dd31.jpg,416,416,truck,350,202,384,245
00296661---Copy_jpg.rf.f5196581735c272311d88dc954e2a027.jpg,416,416,container,77,89,374,316
4100_jpg.rf.fc6fbf20871d9730087d774f86abf373.jpg,416,416,bus,109,91,266,278
1142_jpg.rf.fbe6fb204cf18e7a4d5b1c9b2c592b8a.jpg,416,416,car,182,241,198,261
1142_jpg.rf.fbe6fb204cf18e7a4d5b1c9b2c592b8a.jpg,416,416,truck,379,257,415,315
1142_jpg.rf.fbe6fb204cf18e7a4d5b1c9b2c592b8a.jpg,416,416,truck,329,231,369,271
1142_jpg.rf.fbe6fb204cf18e7a4d5b1c9b2c592b8a.jpg,416,416,truck,229,206,246,239
1142_jpg.rf.fbe6fb204cf18e7a4d5b1c9b2c592b8a.jpg,416,416,truck,210,196,221,206
1142_jpg.rf.fbe6fb204cf18e7a4d5b1c9b2c592b8a.jpg,416,416,truck,211,211,221,223
1151_jpg.rf.f8ba62a2d7ba2caa76159baa4333ca56.jpg,416,416,truck,188,252,209,302
1151_jpg.rf.f8ba62a2d7ba2caa76159baa4333ca56.jpg,416,416,truck,222,247,249,288
1151_jpg.rf.f8ba62a2d7ba2caa76159baa4333ca56.jpg,416,416,truck,337,238,374,281
1151_jpg.rf.f8ba62a2d7ba2caa76159baa4333ca56.jpg,416,416,container,217,204,228,232
1151_jpg.rf.f8ba62a2d7ba2caa76159baa4333ca56.jpg,416,416,container,188,212,208,248
1151_jpg.rf.f8ba62a2d7ba2caa76159baa4333ca56.jpg,416,416,bus,179,212,189,229
00022973_jpg.rf.ff8307129f503bbc3142c893da2c6bb5.jpg,416,416,truck,41,48,415,378
00000223_jpg.rf.fcf3ec56d742da983d83622209c61315.jpg,416,416,car,39,82,355,342
4192_png.rf.f5c3e5ed7e925ed2ebc50a45907a403c.jpg,416,416,truck,119,137,136,175
4192_png.rf.f5c3e5ed7e925ed2ebc50a45907a403c.jpg,416,416,truck,141,123,157,167
4192_png.rf.f5c3e5ed7e925ed2ebc50a45907a403c.jpg,416,416,truck,129,102,140,130
4192_png.rf.f5c3e5ed7e925ed2ebc50a45907a403c.jpg,416,416,truck,168,84,177,109
4192_png.rf.f5c3e5ed7e925ed2ebc50a45907a403c.jpg,416,416,car,146,282,184,335
4192_png.rf.f5c3e5ed7e925ed2ebc50a45907a403c.jpg,416,416,car,126,90,131,97
4192_png.rf.f5c3e5ed7e925ed2ebc50a45907a403c.jpg,416,416,car,135,87,140,94
4192_png.rf.f5c3e5ed7e925ed2ebc50a45907a403c.jpg,416,416,bus,143,81,148,99
4192_png.rf.f5c3e5ed7e925ed2ebc50a45907a403c.jpg,416,416,car,137,50,141,63
4192_png.rf.f5c3e5ed7e925ed2ebc50a45907a403c.jpg,416,416,bus,181,114,194,136
4192_png.rf.f5c3e5ed7e925ed2ebc50a45907a403c.jpg,416,416,car,190,133,199,148
4192_png.rf.f5c3e5ed7e925ed2ebc50a45907a403c.jpg,416,416,car,196,148,208,162
4192_png.rf.f5c3e5ed7e925ed2ebc50a45907a403c.jpg,416,416,car,212,159,226,187
4192_png.rf.f5c3e5ed7e925ed2ebc50a45907a403c.jpg,416,416,truck,196,89,206,100
4192_png.rf.f5c3e5ed7e925ed2ebc50a45907a403c.jpg,416,416,car,161,68,164,76
4192_png.rf.f5c3e5ed7e925ed2ebc50a45907a403c.jpg,416,416,car,144,65,147,69
4192_png.rf.f5c3e5ed7e925ed2ebc50a45907a403c.jpg,416,416,car,240,81,247,89
4192_png.rf.f5c3e5ed7e925ed2ebc50a45907a403c.jpg,416,416,car,263,102,273,112
4192_png.rf.f5c3e5ed7e925ed2ebc50a45907a403c.jpg,416,416,truck,256,114,265,131
4192_png.rf.f5c3e5ed7e925ed2ebc50a45907a403c.jpg,416,416,car,197,112,207,127
4192_png.rf.f5c3e5ed7e925ed2ebc50a45907a403c.jpg,416,416,car,322,118,329,131
4192_png.rf.f5c3e5ed7e925ed2ebc50a45907a403c.jpg,416,416,bus,84,181,131,316
4192_png.rf.f5c3e5ed7e925ed2ebc50a45907a403c.jpg,416,416,bus,321,206,416,372
1215_jpg.rf.f6eb0d9464e4fa0eea6cfe2684064f1c.jpg,416,416,truck,180,206,189,223
1215_jpg.rf.f6eb0d9464e4fa0eea6cfe2684064f1c.jpg,416,416,truck,198,205,207,220
1215_jpg.rf.f6eb0d9464e4fa0eea6cfe2684064f1c.jpg,416,416,truck,205,222,224,259
4001_jpg.rf.fde81fa75b155706604f60132c82c5e4.jpg,416,416,bus,248,287,349,416
4001_jpg.rf.fde81fa75b155706604f60132c82c5e4.jpg,416,416,car,206,323,236,370
4001_jpg.rf.fde81fa75b155706604f60132c82c5e4.jpg,416,416,car,199,257,215,278
4001_jpg.rf.fde81fa75b155706604f60132c82c5e4.jpg,416,416,car,219,244,231,264
4001_jpg.rf.fde81fa75b155706604f60132c82c5e4.jpg,416,416,car,193,221,199,232
4001_jpg.rf.fde81fa75b155706604f60132c82c5e4.jpg,416,416,truck,203,208,216,232
4001_jpg.rf.fde81fa75b155706604f60132c82c5e4.jpg,416,416,truck,155,199,162,211
00000520_jpg.rf.ffcbdebae6cd72ceb1406bbdc707f552.jpg,416,416,car,68,81,361,378